[2026-08-09 07:46:14] local.ERROR: SQLSTATE[HY000] [1049] Unknown database 'laravel' (Connection: mysql, SQL: select * from `sessions` where `id` = xd0SFoRNe83LstK4xNk77IIT3IM0o5RjiydPyniB limit 1) {"exception":"[object] (Illuminate\\Database\\QueryException(code: 1049): SQLSTATE[HY000] [1049] Unknown database 'laravel' (Connection: mysql, SQL: select * from `sessions` where `id` = xd0SFoRNe83LstK4xNk77IIT3IM0o5RjiydPyniB limit 1) at C:/Users/jjdd1/Downloads/Canvas-Church/vendor/laravel/framework/src/Illuminate/Database/Connection.php:829)
[stacktrace]
#0 C:/Users/jjdd1/Downloads/Canvas-Church/vendor/laravel/framework/src/Illuminate/Database/Connection.php(783): Illuminate/Database/Connection->runQueryCallback('select * from `...', Array, Object(Closure))
#1 C:/Users/jjdd1/Downloads/Canvas-Church/vendor/laravel/framework/src/Illuminate/Database/Connection.php(414): Illuminate/Database/Connection->run('select * from `...', Array, Object(Closure))
#2 C:/Users/jjdd1/Downloads/Canvas-Church/vendor/laravel/framework/src/Illuminate/Database/Query/Builder.php(2913): Illuminate/Database/Connection->select('select * from `...', Array, true)
#3 C:/Users/jjdd1/Downloads/Canvas-Church/vendor/laravel/framework/src/Illuminate/Database/Query/Builder.php(2902): Illuminate/Database/Query/Builder->runSelect()
#4 C:/Users/jjdd1/Downloads/Canvas-Church/vendor/laravel/framework/src/Illuminate/Database/Query/Builder.php(3456): Illuminate/Database/Query/Builder->Illuminate/Database/Query/{closure}()
#5 C:/Users/jjdd1/Downloads/Canvas-Church/vendor/laravel/framework/src/Illuminate/Database/Query/Builder.php(2901): Illuminate/Database/Query/Builder->onceWithColumns(Array, Object(Closure))
#6 C:/Users/jjdd1/Downloads/Canvas-Church/vendor/laravel/framework/src/Illuminate/Database/Concerns/BuildsQueries.php(333): Illuminate/Database/Query/Builder->get(Array)
#7 C:/Users/jjdd1/Downloads/Canvas-Church/vendor/laravel/framework/src/Illuminate/Database/Query/Builder.php(2824): Illuminate/Database/Query/Builder->first(Array)
#8 C:/Users/jjdd1/Downloads/Canvas-Church/vendor/laravel/framework/src/Illuminate/Session/DatabaseSessionHandler.php(97): Illuminate/Database/Query/Builder->find('xd0SFoRNe83LstK...')
#9 C:/Users/jjdd1/Downloads/Canvas-Church/vendor/laravel/framework/src/Illuminate/Session/Store.php(113): Illuminate/Session/DatabaseSessionHandler->read('xd0SFoRNe83LstK...')
#10 C:/Users/jjdd1/Downloads/Canvas-Church/vendor/laravel/framework/src/Illuminate/Session/Store.php(101): Illuminate/Session/Store->readFromHandler()
#11 C:/Users/jjdd1/Downloads/Canvas-Church/vendor/laravel/framework/src/Illuminate/Session/Store.php(85): Illuminate/Session/Store->loadSession()
#12 C:/Users/jjdd1/Downloads/Canvas-Church/vendor/laravel/framework/src/Illuminate/Session/Middleware/StartSession.php(147): Illuminate/Session/Store->start()
#13 C:/Users/jjdd1/Downloads/Canvas-Church/vendor/laravel/framework/src/Illuminate/Support/helpers.php(320): Illuminate/Session/Middleware/StartSession->Illuminate/Session/Middleware/{closure}(Object(Illuminate/Session/Store))
#14 C:/Users/jjdd1/Downloads/Canvas-Church/vendor/laravel/framework/src/Illuminate/Session/Middleware/StartSession.php(144): tap(Object(Illuminate/Session/Store), Object(Closure))
#15 C:/Users/jjdd1/Downloads/Canvas-Church/vendor/laravel/framework/src/Illuminate/Session/Middleware/StartSession.php(116): Illuminate/Session/Middleware/StartSession->startSession(Object(Illuminate/Http/Request), Object(Illuminate/Session/Store))
#16 C:/Users/jjdd1/Downloads/Canvas-Church/vendor/laravel/framework/src/Illuminate/Session/Middleware/StartSession.php(64): Illuminate/Session/Middleware/StartSession->handleStatefulRequest(Object(Illuminate/Http/Request), Object(Illuminate/Session/Store), Object(Closure))
#17 C:/Users/jjdd1/Downloads/Canvas-Church/vendor/laravel/framework/src/Illuminate/Pipeline/Pipeline.php(183): Illuminate/Session/Middleware/StartSession->handle(Object(Illuminate/Http/Request), Object(Closure))
#18 C:/Users/jjdd1/Downloads/Canvas-Church/vendor/laravel/framework/src/Illuminate/Cookie/Middleware/AddQueuedCookiesToResponse.php(37): Illuminate/Pipeline/Pipeline->Illuminate/Pipeline/{closure}(Object(Illuminate/Http/Request))
#19 C:/Users/jjdd1/Downloads/Canvas-Church/vendor/laravel/framework/src/Illuminate/Pipeline/Pipeline.php(183): Illuminate/Cookie/Middleware/AddQueuedCookiesToResponse->handle(Object(Illuminate/Http/Request), Object(Closure))
#20 C:/Users/jjdd1/Downloads/Canvas-Church/vendor/laravel/framework/src/Illuminate/Cookie/Middleware/EncryptCookies.php(67): Illuminate/Pipeline/Pipeline->Illuminate/Pipeline/{closure}(Object(Illuminate/Http/Request))
#21 C:/Users/jjdd1/Downloads/Canvas-Church/vendor/laravel/framework/src/Illuminate/Pipeline/Pipeline.php(183): Illuminate/Cookie/Middleware/EncryptCookies->handle(Object(Illuminate/Http/Request), Object(Closure))
#22 C:/Users/jjdd1/Downloads/Canvas-Church/vendor/laravel/framework/src/Illuminate/Pipeline/Pipeline.php(119): Illuminate/Pipeline/Pipeline->Illuminate/Pipeline/{closure}(Object(Illuminate/Http/Request))
#23 C:/Users/jjdd1/Downloads/Canvas-Church/vendor/laravel/framework/src/Illuminate/Routing/Router.php(805): Illuminate/Pipeline/Pipeline->then(Object(Closure))
#24 C:/Users/jjdd1/Downloads/Canvas-Church/vendor/laravel/framework/src/Illuminate/Routing/Router.php(784): Illuminate/Routing/Router->runRouteWithinStack(Object(Illuminate/Routing/Route), Object(Illuminate/Http/Request))
#25 C:/Users/jjdd1/Downloads/Canvas-Church/vendor/laravel/framework/src/Illuminate/Routing/Router.php(748): Illuminate/Routing/Router->runRoute(Object(Illuminate/Http/Request), Object(Illuminate/Routing/Route))
#26 C:/Users/jjdd1/Downloads/Canvas-Church/vendor/laravel/framework/src/Illuminate/Routing/Router.php(737): Illuminate/Routing/Router->dispatchToRoute(Object(Illuminate/Http/Request))
#27 C:/Users/jjdd1/Downloads/Canvas-Church/vendor/laravel/framework/src/Illuminate/Foundation/Http/Kernel.php(200): Illuminate/Routing/Router->dispatch(Object(Illuminate/Http/Request))
#28 C:/Users/jjdd1/Downloads/Canvas-Church/vendor/laravel/framework/src/Illuminate/Pipeline/Pipeline.php(144): Illuminate/Foundation/Http/Kernel->Illuminate/Foundation/Http/{closure}(Object(Illuminate/Http/Request))
#29 C:/Users/jjdd1/Downloads/Canvas-Church/vendor/livewire/livewire/src/Features/SupportDisablingBackButtonCache/DisableBackButtonCacheMiddleware.php(19): Illuminate/Pipeline/Pipeline->Illuminate/Pipeline/{closure}(Object(Illuminate/Http/Request))
#30 C:/Users/jjdd1/Downloads/Canvas-Church/vendor/laravel/framework/src/Illuminate/Pipeline/Pipeline.php(183): Livewire/Features/SupportDisablingBackButtonCache/DisableBackButtonCacheMiddleware->handle(Object(Illuminate/Http/Request), Object(Closure))
#31 C:/Users/jjdd1/Downloads/Canvas-Church/vendor/barryvdh/laravel-debugbar/src/Middleware/InjectDebugbar.php(66): Illuminate/Pipeline/Pipeline->Illuminate/Pipeline/{closure}(Object(Illuminate/Http/Request))
#32 C:/Users/jjdd1/Downloads/Canvas-Church/vendor/laravel/framework/src/Illuminate/Pipeline/Pipeline.php(183): Barryvdh/Debugbar/Middleware/InjectDebugbar->handle(Object(Illuminate/Http/Request), Object(Closure))
#33 C:/Users/jjdd1/Downloads/Canvas-Church/vendor/laravel/framework/src/Illuminate/Foundation/Http/Middleware/TransformsRequest.php(21): Illuminate/Pipeline/Pipeline->Illuminate/Pipeline/{closure}(Object(Illuminate/Http/Request))
#34 C:/Users/jjdd1/Downloads/Canvas-Church/vendor/laravel/framework/src/Illuminate/Foundation/Http/Middleware/ConvertEmptyStringsToNull.php(31): Illuminate/Foundation/Http/Middleware/TransformsRequest->handle(Object(Illuminate/Http/Request), Object(Closure))
#35 C:/Users/jjdd1/Downloads/Canvas-Church/vendor/laravel/framework/src/Illuminate/Pipeline/Pipeline.php(183): Illuminate/Foundation/Http/Middleware/ConvertEmptyStringsToNull->handle(Object(Illuminate/Http/Request), Object(Closure))
#36 C:/Users/jjdd1/Downloads/Canvas-Church/vendor/laravel/framework/src/Illuminate/Foundation/Http/Middleware/TransformsRequest.php(21): Illuminate/Pipeline/Pipeline->Illuminate/Pipeline/{closure}(Object(Illuminate/Http/Request))
#37 C:/Users/jjdd1/Downloads/Canvas-Church/vendor/laravel/framework/src/Illuminate/Foundation/Http/Middleware/TrimStrings.php(40): Illuminate/Foundation/Http/Middleware/TransformsRequest->handle(Object(Illuminate/Http/Request), Object(Closure))
#38 C:/Users/jjdd1/Downloads/Canvas-Church/vendor/laravel/framework/src/Illuminate/Pipeline/Pipeline.php(183): Illuminate/Foundation/Http/Middleware/TrimStrings->handle(Object(Illuminate/Http/Request), Object(Closure))
#39 C:/Users/jjdd1/Downloads/Canvas-Church/vendor/laravel/framework/src/Illuminate/Foundation/Http/Middleware/ValidatePostSize.php(27): Illuminate/Pipeline/Pipeline->Illuminate/Pipeline/{closure}(Object(Illuminate/Http/Request))
#40 C:/Users/jjdd1/Downloads/Canvas-Church/vendor/laravel/framework/src/Illuminate/Pipeline/Pipeline.php(183): Illuminate/Foundation/Http/Middleware/ValidatePostSize->handle(Object(Illuminate/Http/Request), Object(Closure))
#41 C:/Users/jjdd1/Downloads/Canvas-Church/vendor/laravel/framework/src/Illuminate/Foundation/Http/Middleware/PreventRequestsDuringMaintenance.php(99): Illuminate/Pipeline/Pipeline->Illuminate/Pipeline/{closure}(Object(Illuminate/Http/Request))
#42 C:/Users/jjdd1/Downloads/Canvas-Church/vendor/laravel/framework/src/Illuminate/Pipeline/Pipeline.php(183): Illuminate/Foundation/Http/Middleware/PreventRequestsDuringMaintenance->handle(Object(Illuminate/Http/Request), Object(Closure))
#43 C:/Users/jjdd1/Downloads/Canvas-Church/vendor/laravel/framework/src/Illuminate/Http/Middleware/HandleCors.php(49): Illuminate/Pipeline/Pipeline->Illuminate/Pipeline/{closure}(Object(Illuminate/Http/Request))
#44 C:/Users/jjdd1/Downloads/Canvas-Church/vendor/laravel/framework/src/Illuminate/Pipeline/Pipeline.php(183): Illuminate/Http/Middleware/HandleCors->handle(Object(Illuminate/Http/Request), Object(Closure))
#45 C:/Users/jjdd1/Downloads/Canvas-Church/vendor/laravel/framework/src/Illuminate/Http/Middleware/TrustProxies.php(39): Illuminate/Pipeline/Pipeline->Illuminate/Pipeline/{closure}(Object(Illuminate/Http/Request))
#46 C:/Users/jjdd1/Downloads/Canvas-Church/vendor/laravel/framework/src/Illuminate/Pipeline/Pipeline.php(183): Illuminate/Http/Middleware/TrustProxies->handle(Object(Illuminate/Http/Request), Object(Closure))
#47 C:/Users/jjdd1/Downloads/Canvas-Church/vendor/laravel/framework/src/Illuminate/Pipeline/Pipeline.php(119): Illuminate/Pipeline/Pipeline->Illuminate/Pipeline/{closure}(Object(Illuminate/Http/Request))
#48 C:/Users/jjdd1/Downloads/Canvas-Church/vendor/laravel/framework/src/Illuminate/Foundation/Http/Kernel.php(175): Illuminate/Pipeline/Pipeline->then(Object(Closure))
#49 C:/Users/jjdd1/Downloads/Canvas-Church/vendor/laravel/framework/src/Illuminate/Foundation/Http/Kernel.php(144): Illuminate/Foundation/Http/Kernel->sendRequestThroughRouter(Object(Illuminate/Http/Request))
#50 C:/Users/jjdd1/Downloads/Canvas-Church/public/index.php(51): Illuminate/Foundation/Http/Kernel->handle(Object(Illuminate/Http/Request))
#51 C:/Users/jjdd1/Downloads/Canvas-Church/vendor/laravel/framework/src/Illuminate/Foundation/resources/server.php(16): require_once('C://Users//jjdd1//...')
#52 {main}

[previous exception] [object] (PDOException(code: 1049): SQLSTATE[HY000] [1049] Unknown database 'laravel' at C:/Users/jjdd1/Downloads/Canvas-Church/vendor/laravel/framework/src/Illuminate/Database/Connectors/Connector.php:65)
[stacktrace]
#0 C:/Users/jjdd1/Downloads/Canvas-Church/vendor/laravel/framework/src/Illuminate/Database/Connectors/Connector.php(65): PDO->__construct('mysql:host=127....', 'root', Object(SensitiveParameterValue), Array)
#1 C:/Users/jjdd1/Downloads/Canvas-Church/vendor/laravel/framework/src/Illuminate/Database/Connectors/Connector.php(44): Illuminate/Database/Connectors/Connector->createPdoConnection('mysql:host=127....', 'root', '', Array)
#2 C:/Users/jjdd1/Downloads/Canvas-Church/vendor/laravel/framework/src/Illuminate/Database/Connectors/MySqlConnector.php(24): Illuminate/Database/Connectors/Connector->createConnection('mysql:host=127....', Array, Array)
#3 C:/Users/jjdd1/Downloads/Canvas-Church/vendor/laravel/framework/src/Illuminate/Database/Connectors/ConnectionFactory.php(184): Illuminate/Database/Connectors/MySqlConnector->connect(Array)
#4 [internal function]: Illuminate/Database/Connectors/ConnectionFactory->Illuminate/Database/Connectors/{closure}()
#5 C:/Users/jjdd1/Downloads/Canvas-Church/vendor/laravel/framework/src/Illuminate/Database/Connection.php(1339): call_user_func(Object(Closure))
#6 C:/Users/jjdd1/Downloads/Canvas-Church/vendor/laravel/framework/src/Illuminate/Database/Connection.php(1375): Illuminate/Database/Connection->getPdo()
#7 C:/Users/jjdd1/Downloads/Canvas-Church/vendor/laravel/framework/src/Illuminate/Database/Connection.php(528): Illuminate/Database/Connection->getReadPdo()
#8 C:/Users/jjdd1/Downloads/Canvas-Church/vendor/laravel/framework/src/Illuminate/Database/Connection.php(423): Illuminate/Database/Connection->getPdoForSelect(true)
#9 C:/Users/jjdd1/Downloads/Canvas-Church/vendor/laravel/framework/src/Illuminate/Database/Connection.php(816): Illuminate/Database/Connection->Illuminate/Database/{closure}('select * from `...', Array)
#10 C:/Users/jjdd1/Downloads/Canvas-Church/vendor/laravel/framework/src/Illuminate/Database/Connection.php(783): Illuminate/Database/Connection->runQueryCallback('select * from `...', Array, Object(Closure))
#11 C:/Users/jjdd1/Downloads/Canvas-Church/vendor/laravel/framework/src/Illuminate/Database/Connection.php(414): Illuminate/Database/Connection->run('select * from `...', Array, Object(Closure))
#12 C:/Users/jjdd1/Downloads/Canvas-Church/vendor/laravel/framework/src/Illuminate/Database/Query/Builder.php(2913): Illuminate/Database/Connection->select('select * from `...', Array, true)
#13 C:/Users/jjdd1/Downloads/Canvas-Church/vendor/laravel/framework/src/Illuminate/Database/Query/Builder.php(2902): Illuminate/Database/Query/Builder->runSelect()
#14 C:/Users/jjdd1/Downloads/Canvas-Church/vendor/laravel/framework/src/Illuminate/Database/Query/Builder.php(3456): Illuminate/Database/Query/Builder->Illuminate/Database/Query/{closure}()
#15 C:/Users/jjdd1/Downloads/Canvas-Church/vendor/laravel/framework/src/Illuminate/Database/Query/Builder.php(2901): Illuminate/Database/Query/Builder->onceWithColumns(Array, Object(Closure))
#16 C:/Users/jjdd1/Downloads/Canvas-Church/vendor/laravel/framework/src/Illuminate/Database/Concerns/BuildsQueries.php(333): Illuminate/Database/Query/Builder->get(Array)
#17 C:/Users/jjdd1/Downloads/Canvas-Church/vendor/laravel/framework/src/Illuminate/Database/Query/Builder.php(2824): Illuminate/Database/Query/Builder->first(Array)
#18 C:/Users/jjdd1/Downloads/Canvas-Church/vendor/laravel/framework/src/Illuminate/Session/DatabaseSessionHandler.php(97): Illuminate/Database/Query/Builder->find('xd0SFoRNe83LstK...')
#19 C:/Users/jjdd1/Downloads/Canvas-Church/vendor/laravel/framework/src/Illuminate/Session/Store.php(113): Illuminate/Session/DatabaseSessionHandler->read('xd0SFoRNe83LstK...')
#20 C:/Users/jjdd1/Downloads/Canvas-Church/vendor/laravel/framework/src/Illuminate/Session/Store.php(101): Illuminate/Session/Store->readFromHandler()
#21 C:/Users/jjdd1/Downloads/Canvas-Church/vendor/laravel/framework/src/Illuminate/Session/Store.php(85): Illuminate/Session/Store->loadSession()
#22 C:/Users/jjdd1/Downloads/Canvas-Church/vendor/laravel/framework/src/Illuminate/Session/Middleware/StartSession.php(147): Illuminate/Session/Store->start()
#23 C:/Users/jjdd1/Downloads/Canvas-Church/vendor/laravel/framework/src/Illuminate/Support/helpers.php(320): Illuminate/Session/Middleware/StartSession->Illuminate/Session/Middleware/{closure}(Object(Illuminate/Session/Store))
#24 C:/Users/jjdd1/Downloads/Canvas-Church/vendor/laravel/framework/src/Illuminate/Session/Middleware/StartSession.php(144): tap(Object(Illuminate/Session/Store), Object(Closure))
#25 C:/Users/jjdd1/Downloads/Canvas-Church/vendor/laravel/framework/src/Illuminate/Session/Middleware/StartSession.php(116): Illuminate/Session/Middleware/StartSession->startSession(Object(Illuminate/Http/Request), Object(Illuminate/Session/Store))
#26 C:/Users/jjdd1/Downloads/Canvas-Church/vendor/laravel/framework/src/Illuminate/Session/Middleware/StartSession.php(64): Illuminate/Session/Middleware/StartSession->handleStatefulRequest(Object(Illuminate/Http/Request), Object(Illuminate/Session/Store), Object(Closure))
#27 C:/Users/jjdd1/Downloads/Canvas-Church/vendor/laravel/framework/src/Illuminate/Pipeline/Pipeline.php(183): Illuminate/Session/Middleware/StartSession->handle(Object(Illuminate/Http/Request), Object(Closure))
#28 C:/Users/jjdd1/Downloads/Canvas-Church/vendor/laravel/framework/src/Illuminate/Cookie/Middleware/AddQueuedCookiesToResponse.php(37): Illuminate/Pipeline/Pipeline->Illuminate/Pipeline/{closure}(Object(Illuminate/Http/Request))
#29 C:/Users/jjdd1/Downloads/Canvas-Church/vendor/laravel/framework/src/Illuminate/Pipeline/Pipeline.php(183): Illuminate/Cookie/Middleware/AddQueuedCookiesToResponse->handle(Object(Illuminate/Http/Request), Object(Closure))
#30 C:/Users/jjdd1/Downloads/Canvas-Church/vendor/laravel/framework/src/Illuminate/Cookie/Middleware/EncryptCookies.php(67): Illuminate/Pipeline/Pipeline->Illuminate/Pipeline/{closure}(Object(Illuminate/Http/Request))
#31 C:/Users/jjdd1/Downloads/Canvas-Church/vendor/laravel/framework/src/Illuminate/Pipeline/Pipeline.php(183): Illuminate/Cookie/Middleware/EncryptCookies->handle(Object(Illuminate/Http/Request), Object(Closure))
#32 C:/Users/jjdd1/Downloads/Canvas-Church/vendor/laravel/framework/src/Illuminate/Pipeline/Pipeline.php(119): Illuminate/Pipeline/Pipeline->Illuminate/Pipeline/{closure}(Object(Illuminate/Http/Request))
#33 C:/Users/jjdd1/Downloads/Canvas-Church/vendor/laravel/framework/src/Illuminate/Routing/Router.php(805): Illuminate/Pipeline/Pipeline->then(Object(Closure))
#34 C:/Users/jjdd1/Downloads/Canvas-Church/vendor/laravel/framework/src/Illuminate/Routing/Router.php(784): Illuminate/Routing/Router->runRouteWithinStack(Object(Illuminate/Routing/Route), Object(Illuminate/Http/Request))
#35 C:/Users/jjdd1/Downloads/Canvas-Church/vendor/laravel/framework/src/Illuminate/Routing/Router.php(748): Illuminate/Routing/Router->runRoute(Object(Illuminate/Http/Request), Object(Illuminate/Routing/Route))
#36 C:/Users/jjdd1/Downloads/Canvas-Church/vendor/laravel/framework/src/Illuminate/Routing/Router.php(737): Illuminate/Routing/Router->dispatchToRoute(Object(Illuminate/Http/Request))
#37 C:/Users/jjdd1/Downloads/Canvas-Church/vendor/laravel/framework/src/Illuminate/Foundation/Http/Kernel.php(200): Illuminate/Routing/Router->dispatch(Object(Illuminate/Http/Request))
#38 C:/Users/jjdd1/Downloads/Canvas-Church/vendor/laravel/framework/src/Illuminate/Pipeline/Pipeline.php(144): Illuminate/Foundation/Http/Kernel->Illuminate/Foundation/Http/{closure}(Object(Illuminate/Http/Request))
#39 C:/Users/jjdd1/Downloads/Canvas-Church/vendor/livewire/livewire/src/Features/SupportDisablingBackButtonCache/DisableBackButtonCacheMiddleware.php(19): Illuminate/Pipeline/Pipeline->Illuminate/Pipeline/{closure}(Object(Illuminate/Http/Request))
#40 C:/Users/jjdd1/Downloads/Canvas-Church/vendor/laravel/framework/src/Illuminate/Pipeline/Pipeline.php(183): Livewire/Features/SupportDisablingBackButtonCache/DisableBackButtonCacheMiddleware->handle(Object(Illuminate/Http/Request), Object(Closure))
#41 C:/Users/jjdd1/Downloads/Canvas-Church/vendor/barryvdh/laravel-debugbar/src/Middleware/InjectDebugbar.php(66): Illuminate/Pipeline/Pipeline->Illuminate/Pipeline/{closure}(Object(Illuminate/Http/Request))
#42 C:/Users/jjdd1/Downloads/Canvas-Church/vendor/laravel/framework/src/Illuminate/Pipeline/Pipeline.php(183): Barryvdh/Debugbar/Middleware/InjectDebugbar->handle(Object(Illuminate/Http/Request), Object(Closure))
#43 C:/Users/jjdd1/Downloads/Canvas-Church/vendor/laravel/framework/src/Illuminate/Foundation/Http/Middleware/TransformsRequest.php(21): Illuminate/Pipeline/Pipeline->Illuminate/Pipeline/{closure}(Object(Illuminate/Http/Request))
#44 C:/Users/jjdd1/Downloads/Canvas-Church/vendor/laravel/framework/src/Illuminate/Foundation/Http/Middleware/ConvertEmptyStringsToNull.php(31): Illuminate/Foundation/Http/Middleware/TransformsRequest->handle(Object(Illuminate/Http/Request), Object(Closure))
#45 C:/Users/jjdd1/Downloads/Canvas-Church/vendor/laravel/framework/src/Illuminate/Pipeline/Pipeline.php(183): Illuminate/Foundation/Http/Middleware/ConvertEmptyStringsToNull->handle(Object(Illuminate/Http/Request), Object(Closure))
#46 C:/Users/jjdd1/Downloads/Canvas-Church/vendor/laravel/framework/src/Illuminate/Foundation/Http/Middleware/TransformsRequest.php(21): Illuminate/Pipeline/Pipeline->Illuminate/Pipeline/{closure}(Object(Illuminate/Http/Request))
#47 C:/Users/jjdd1/Downloads/Canvas-Church/vendor/laravel/framework/src/Illuminate/Foundation/Http/Middleware/TrimStrings.php(40): Illuminate/Foundation/Http/Middleware/TransformsRequest->handle(Object(Illuminate/Http/Request), Object(Closure))
#48 C:/Users/jjdd1/Downloads/Canvas-Church/vendor/laravel/framework/src/Illuminate/Pipeline/Pipeline.php(183): Illuminate/Foundation/Http/Middleware/TrimStrings->handle(Object(Illuminate/Http/Request), Object(Closure))
#49 C:/Users/jjdd1/Downloads/Canvas-Church/vendor/laravel/framework/src/Illuminate/Foundation/Http/Middleware/ValidatePostSize.php(27): Illuminate/Pipeline/Pipeline->Illuminate/Pipeline/{closure}(Object(Illuminate/Http/Request))
#50 C:/Users/jjdd1/Downloads/Canvas-Church/vendor/laravel/framework/src/Illuminate/Pipeline/Pipeline.php(183): Illuminate/Foundation/Http/Middleware/ValidatePostSize->handle(Object(Illuminate/Http/Request), Object(Closure))
#51 C:/Users/jjdd1/Downloads/Canvas-Church/vendor/laravel/framework/src/Illuminate/Foundation/Http/Middleware/PreventRequestsDuringMaintenance.php(99): Illuminate/Pipeline/Pipeline->Illuminate/Pipeline/{closure}(Object(Illuminate/Http/Request))
#52 C:/Users/jjdd1/Downloads/Canvas-Church/vendor/laravel/framework/src/Illuminate/Pipeline/Pipeline.php(183): Illuminate/Foundation/Http/Middleware/PreventRequestsDuringMaintenance->handle(Object(Illuminate/Http/Request), Object(Closure))
#53 C:/Users/jjdd1/Downloads/Canvas-Church/vendor/laravel/framework/src/Illuminate/Http/Middleware/HandleCors.php(49): Illuminate/Pipeline/Pipeline->Illuminate/Pipeline/{closure}(Object(Illuminate/Http/Request))
#54 C:/Users/jjdd1/Downloads/Canvas-Church/vendor/laravel/framework/src/Illuminate/Pipeline/Pipeline.php(183): Illuminate/Http/Middleware/HandleCors->handle(Object(Illuminate/Http/Request), Object(Closure))
#55 C:/Users/jjdd1/Downloads/Canvas-Church/vendor/laravel/framework/src/Illuminate/Http/Middleware/TrustProxies.php(39): Illuminate/Pipeline/Pipeline->Illuminate/Pipeline/{closure}(Object(Illuminate/Http/Request))
#56 C:/Users/jjdd1/Downloads/Canvas-Church/vendor/laravel/framework/src/Illuminate/Pipeline/Pipeline.php(183): Illuminate/Http/Middleware/TrustProxies->handle(Object(Illuminate/Http/Request), Object(Closure))
#57 C:/Users/jjdd1/Downloads/Canvas-Church/vendor/laravel/framework/src/Illuminate/Pipeline/Pipeline.php(119): Illuminate/Pipeline/Pipeline->Illuminate/Pipeline/{closure}(Object(Illuminate/Http/Request))
#58 C:/Users/jjdd1/Downloads/Canvas-Church/vendor/laravel/framework/src/Illuminate/Foundation/Http/Kernel.php(175): Illuminate/Pipeline/Pipeline->then(Object(Closure))
#59 C:/Users/jjdd1/Downloads/Canvas-Church/vendor/laravel/framework/src/Illuminate/Foundation/Http/Kernel.php(144): Illuminate/Foundation/Http/Kernel->sendRequestThroughRouter(Object(Illuminate/Http/Request))
#60 C:/Users/jjdd1/Downloads/Canvas-Church/public/index.php(51): Illuminate/Foundation/Http/Kernel->handle(Object(Illuminate/Http/Request))
#61 C:/Users/jjdd1/Downloads/Canvas-Church/vendor/laravel/framework/src/Illuminate/Foundation/resources/server.php(16): require_once('C://Users//jjdd1//...')
#62 {main}
"} 
[2026-08-09 07:46:14] local.ERROR: Debugbar exception: SQLSTATE[HY000] [1049] Unknown database 'laravel' (Connection: mysql, SQL: select * from `sessions` where `id` = xd0SFoRNe83LstK4xNk77IIT3IM0o5RjiydPyniB limit 1)  
[2026-08-09 07:46:26] local.ERROR: SQLSTATE[HY000] [1049] Unknown database 'cnavas' (Connection: mysql, SQL: select * from `sessions` where `id` = xd0SFoRNe83LstK4xNk77IIT3IM0o5RjiydPyniB limit 1) {"exception":"[object] (Illuminate\\Database\\QueryException(code: 1049): SQLSTATE[HY000] [1049] Unknown database 'cnavas' (Connection: mysql, SQL: select * from `sessions` where `id` = xd0SFoRNe83LstK4xNk77IIT3IM0o5RjiydPyniB limit 1) at C:/Users/jjdd1/Downloads/Canvas-Church/vendor/laravel/framework/src/Illuminate/Database/Connection.php:829)
[stacktrace]
#0 C:/Users/jjdd1/Downloads/Canvas-Church/vendor/laravel/framework/src/Illuminate/Database/Connection.php(783): Illuminate/Database/Connection->runQueryCallback('select * from `...', Array, Object(Closure))
#1 C:/Users/jjdd1/Downloads/Canvas-Church/vendor/laravel/framework/src/Illuminate/Database/Connection.php(414): Illuminate/Database/Connection->run('select * from `...', Array, Object(Closure))
#2 C:/Users/jjdd1/Downloads/Canvas-Church/vendor/laravel/framework/src/Illuminate/Database/Query/Builder.php(2913): Illuminate/Database/Connection->select('select * from `...', Array, true)
#3 C:/Users/jjdd1/Downloads/Canvas-Church/vendor/laravel/framework/src/Illuminate/Database/Query/Builder.php(2902): Illuminate/Database/Query/Builder->runSelect()
#4 C:/Users/jjdd1/Downloads/Canvas-Church/vendor/laravel/framework/src/Illuminate/Database/Query/Builder.php(3456): Illuminate/Database/Query/Builder->Illuminate/Database/Query/{closure}()
#5 C:/Users/jjdd1/Downloads/Canvas-Church/vendor/laravel/framework/src/Illuminate/Database/Query/Builder.php(2901): Illuminate/Database/Query/Builder->onceWithColumns(Array, Object(Closure))
#6 C:/Users/jjdd1/Downloads/Canvas-Church/vendor/laravel/framework/src/Illuminate/Database/Concerns/BuildsQueries.php(333): Illuminate/Database/Query/Builder->get(Array)
#7 C:/Users/jjdd1/Downloads/Canvas-Church/vendor/laravel/framework/src/Illuminate/Database/Query/Builder.php(2824): Illuminate/Database/Query/Builder->first(Array)
#8 C:/Users/jjdd1/Downloads/Canvas-Church/vendor/laravel/framework/src/Illuminate/Session/DatabaseSessionHandler.php(97): Illuminate/Database/Query/Builder->find('xd0SFoRNe83LstK...')
#9 C:/Users/jjdd1/Downloads/Canvas-Church/vendor/laravel/framework/src/Illuminate/Session/Store.php(113): Illuminate/Session/DatabaseSessionHandler->read('xd0SFoRNe83LstK...')
#10 C:/Users/jjdd1/Downloads/Canvas-Church/vendor/laravel/framework/src/Illuminate/Session/Store.php(101): Illuminate/Session/Store->readFromHandler()
#11 C:/Users/jjdd1/Downloads/Canvas-Church/vendor/laravel/framework/src/Illuminate/Session/Store.php(85): Illuminate/Session/Store->loadSession()
#12 C:/Users/jjdd1/Downloads/Canvas-Church/vendor/laravel/framework/src/Illuminate/Session/Middleware/StartSession.php(147): Illuminate/Session/Store->start()
#13 C:/Users/jjdd1/Downloads/Canvas-Church/vendor/laravel/framework/src/Illuminate/Support/helpers.php(320): Illuminate/Session/Middleware/StartSession->Illuminate/Session/Middleware/{closure}(Object(Illuminate/Session/Store))
#14 C:/Users/jjdd1/Downloads/Canvas-Church/vendor/laravel/framework/src/Illuminate/Session/Middleware/StartSession.php(144): tap(Object(Illuminate/Session/Store), Object(Closure))
#15 C:/Users/jjdd1/Downloads/Canvas-Church/vendor/laravel/framework/src/Illuminate/Session/Middleware/StartSession.php(116): Illuminate/Session/Middleware/StartSession->startSession(Object(Illuminate/Http/Request), Object(Illuminate/Session/Store))
#16 C:/Users/jjdd1/Downloads/Canvas-Church/vendor/laravel/framework/src/Illuminate/Session/Middleware/StartSession.php(64): Illuminate/Session/Middleware/StartSession->handleStatefulRequest(Object(Illuminate/Http/Request), Object(Illuminate/Session/Store), Object(Closure))
#17 C:/Users/jjdd1/Downloads/Canvas-Church/vendor/laravel/framework/src/Illuminate/Pipeline/Pipeline.php(183): Illuminate/Session/Middleware/StartSession->handle(Object(Illuminate/Http/Request), Object(Closure))
#18 C:/Users/jjdd1/Downloads/Canvas-Church/vendor/laravel/framework/src/Illuminate/Cookie/Middleware/AddQueuedCookiesToResponse.php(37): Illuminate/Pipeline/Pipeline->Illuminate/Pipeline/{closure}(Object(Illuminate/Http/Request))
#19 C:/Users/jjdd1/Downloads/Canvas-Church/vendor/laravel/framework/src/Illuminate/Pipeline/Pipeline.php(183): Illuminate/Cookie/Middleware/AddQueuedCookiesToResponse->handle(Object(Illuminate/Http/Request), Object(Closure))
#20 C:/Users/jjdd1/Downloads/Canvas-Church/vendor/laravel/framework/src/Illuminate/Cookie/Middleware/EncryptCookies.php(67): Illuminate/Pipeline/Pipeline->Illuminate/Pipeline/{closure}(Object(Illuminate/Http/Request))
#21 C:/Users/jjdd1/Downloads/Canvas-Church/vendor/laravel/framework/src/Illuminate/Pipeline/Pipeline.php(183): Illuminate/Cookie/Middleware/EncryptCookies->handle(Object(Illuminate/Http/Request), Object(Closure))
#22 C:/Users/jjdd1/Downloads/Canvas-Church/vendor/laravel/framework/src/Illuminate/Pipeline/Pipeline.php(119): Illuminate/Pipeline/Pipeline->Illuminate/Pipeline/{closure}(Object(Illuminate/Http/Request))
#23 C:/Users/jjdd1/Downloads/Canvas-Church/vendor/laravel/framework/src/Illuminate/Routing/Router.php(805): Illuminate/Pipeline/Pipeline->then(Object(Closure))
#24 C:/Users/jjdd1/Downloads/Canvas-Church/vendor/laravel/framework/src/Illuminate/Routing/Router.php(784): Illuminate/Routing/Router->runRouteWithinStack(Object(Illuminate/Routing/Route), Object(Illuminate/Http/Request))
#25 C:/Users/jjdd1/Downloads/Canvas-Church/vendor/laravel/framework/src/Illuminate/Routing/Router.php(748): Illuminate/Routing/Router->runRoute(Object(Illuminate/Http/Request), Object(Illuminate/Routing/Route))
#26 C:/Users/jjdd1/Downloads/Canvas-Church/vendor/laravel/framework/src/Illuminate/Routing/Router.php(737): Illuminate/Routing/Router->dispatchToRoute(Object(Illuminate/Http/Request))
#27 C:/Users/jjdd1/Downloads/Canvas-Church/vendor/laravel/framework/src/Illuminate/Foundation/Http/Kernel.php(200): Illuminate/Routing/Router->dispatch(Object(Illuminate/Http/Request))
#28 C:/Users/jjdd1/Downloads/Canvas-Church/vendor/laravel/framework/src/Illuminate/Pipeline/Pipeline.php(144): Illuminate/Foundation/Http/Kernel->Illuminate/Foundation/Http/{closure}(Object(Illuminate/Http/Request))
#29 C:/Users/jjdd1/Downloads/Canvas-Church/vendor/livewire/livewire/src/Features/SupportDisablingBackButtonCache/DisableBackButtonCacheMiddleware.php(19): Illuminate/Pipeline/Pipeline->Illuminate/Pipeline/{closure}(Object(Illuminate/Http/Request))
#30 C:/Users/jjdd1/Downloads/Canvas-Church/vendor/laravel/framework/src/Illuminate/Pipeline/Pipeline.php(183): Livewire/Features/SupportDisablingBackButtonCache/DisableBackButtonCacheMiddleware->handle(Object(Illuminate/Http/Request), Object(Closure))
#31 C:/Users/jjdd1/Downloads/Canvas-Church/vendor/barryvdh/laravel-debugbar/src/Middleware/InjectDebugbar.php(66): Illuminate/Pipeline/Pipeline->Illuminate/Pipeline/{closure}(Object(Illuminate/Http/Request))
#32 C:/Users/jjdd1/Downloads/Canvas-Church/vendor/laravel/framework/src/Illuminate/Pipeline/Pipeline.php(183): Barryvdh/Debugbar/Middleware/InjectDebugbar->handle(Object(Illuminate/Http/Request), Object(Closure))
#33 C:/Users/jjdd1/Downloads/Canvas-Church/vendor/laravel/framework/src/Illuminate/Foundation/Http/Middleware/TransformsRequest.php(21): Illuminate/Pipeline/Pipeline->Illuminate/Pipeline/{closure}(Object(Illuminate/Http/Request))
#34 C:/Users/jjdd1/Downloads/Canvas-Church/vendor/laravel/framework/src/Illuminate/Foundation/Http/Middleware/ConvertEmptyStringsToNull.php(31): Illuminate/Foundation/Http/Middleware/TransformsRequest->handle(Object(Illuminate/Http/Request), Object(Closure))
#35 C:/Users/jjdd1/Downloads/Canvas-Church/vendor/laravel/framework/src/Illuminate/Pipeline/Pipeline.php(183): Illuminate/Foundation/Http/Middleware/ConvertEmptyStringsToNull->handle(Object(Illuminate/Http/Request), Object(Closure))
#36 C:/Users/jjdd1/Downloads/Canvas-Church/vendor/laravel/framework/src/Illuminate/Foundation/Http/Middleware/TransformsRequest.php(21): Illuminate/Pipeline/Pipeline->Illuminate/Pipeline/{closure}(Object(Illuminate/Http/Request))
#37 C:/Users/jjdd1/Downloads/Canvas-Church/vendor/laravel/framework/src/Illuminate/Foundation/Http/Middleware/TrimStrings.php(40): Illuminate/Foundation/Http/Middleware/TransformsRequest->handle(Object(Illuminate/Http/Request), Object(Closure))
#38 C:/Users/jjdd1/Downloads/Canvas-Church/vendor/laravel/framework/src/Illuminate/Pipeline/Pipeline.php(183): Illuminate/Foundation/Http/Middleware/TrimStrings->handle(Object(Illuminate/Http/Request), Object(Closure))
#39 C:/Users/jjdd1/Downloads/Canvas-Church/vendor/laravel/framework/src/Illuminate/Foundation/Http/Middleware/ValidatePostSize.php(27): Illuminate/Pipeline/Pipeline->Illuminate/Pipeline/{closure}(Object(Illuminate/Http/Request))
#40 C:/Users/jjdd1/Downloads/Canvas-Church/vendor/laravel/framework/src/Illuminate/Pipeline/Pipeline.php(183): Illuminate/Foundation/Http/Middleware/ValidatePostSize->handle(Object(Illuminate/Http/Request), Object(Closure))
#41 C:/Users/jjdd1/Downloads/Canvas-Church/vendor/laravel/framework/src/Illuminate/Foundation/Http/Middleware/PreventRequestsDuringMaintenance.php(99): Illuminate/Pipeline/Pipeline->Illuminate/Pipeline/{closure}(Object(Illuminate/Http/Request))
#42 C:/Users/jjdd1/Downloads/Canvas-Church/vendor/laravel/framework/src/Illuminate/Pipeline/Pipeline.php(183): Illuminate/Foundation/Http/Middleware/PreventRequestsDuringMaintenance->handle(Object(Illuminate/Http/Request), Object(Closure))
#43 C:/Users/jjdd1/Downloads/Canvas-Church/vendor/laravel/framework/src/Illuminate/Http/Middleware/HandleCors.php(49): Illuminate/Pipeline/Pipeline->Illuminate/Pipeline/{closure}(Object(Illuminate/Http/Request))
#44 C:/Users/jjdd1/Downloads/Canvas-Church/vendor/laravel/framework/src/Illuminate/Pipeline/Pipeline.php(183): Illuminate/Http/Middleware/HandleCors->handle(Object(Illuminate/Http/Request), Object(Closure))
#45 C:/Users/jjdd1/Downloads/Canvas-Church/vendor/laravel/framework/src/Illuminate/Http/Middleware/TrustProxies.php(39): Illuminate/Pipeline/Pipeline->Illuminate/Pipeline/{closure}(Object(Illuminate/Http/Request))
#46 C:/Users/jjdd1/Downloads/Canvas-Church/vendor/laravel/framework/src/Illuminate/Pipeline/Pipeline.php(183): Illuminate/Http/Middleware/TrustProxies->handle(Object(Illuminate/Http/Request), Object(Closure))
#47 C:/Users/jjdd1/Downloads/Canvas-Church/vendor/laravel/framework/src/Illuminate/Pipeline/Pipeline.php(119): Illuminate/Pipeline/Pipeline->Illuminate/Pipeline/{closure}(Object(Illuminate/Http/Request))
#48 C:/Users/jjdd1/Downloads/Canvas-Church/vendor/laravel/framework/src/Illuminate/Foundation/Http/Kernel.php(175): Illuminate/Pipeline/Pipeline->then(Object(Closure))
#49 C:/Users/jjdd1/Downloads/Canvas-Church/vendor/laravel/framework/src/Illuminate/Foundation/Http/Kernel.php(144): Illuminate/Foundation/Http/Kernel->sendRequestThroughRouter(Object(Illuminate/Http/Request))
#50 C:/Users/jjdd1/Downloads/Canvas-Church/public/index.php(51): Illuminate/Foundation/Http/Kernel->handle(Object(Illuminate/Http/Request))
#51 C:/Users/jjdd1/Downloads/Canvas-Church/vendor/laravel/framework/src/Illuminate/Foundation/resources/server.php(16): require_once('C://Users//jjdd1//...')
#52 {main}

[previous exception] [object] (PDOException(code: 1049): SQLSTATE[HY000] [1049] Unknown database 'cnavas' at C:/Users/jjdd1/Downloads/Canvas-Church/vendor/laravel/framework/src/Illuminate/Database/Connectors/Connector.php:65)
[stacktrace]
#0 C:/Users/jjdd1/Downloads/Canvas-Church/vendor/laravel/framework/src/Illuminate/Database/Connectors/Connector.php(65): PDO->__construct('mysql:host=127....', 'root', Object(SensitiveParameterValue), Array)
#1 C:/Users/jjdd1/Downloads/Canvas-Church/vendor/laravel/framework/src/Illuminate/Database/Connectors/Connector.php(44): Illuminate/Database/Connectors/Connector->createPdoConnection('mysql:host=127....', 'root', '', Array)
#2 C:/Users/jjdd1/Downloads/Canvas-Church/vendor/laravel/framework/src/Illuminate/Database/Connectors/MySqlConnector.php(24): Illuminate/Database/Connectors/Connector->createConnection('mysql:host=127....', Array, Array)
#3 C:/Users/jjdd1/Downloads/Canvas-Church/vendor/laravel/framework/src/Illuminate/Database/Connectors/ConnectionFactory.php(184): Illuminate/Database/Connectors/MySqlConnector->connect(Array)
#4 [internal function]: Illuminate/Database/Connectors/ConnectionFactory->Illuminate/Database/Connectors/{closure}()
#5 C:/Users/jjdd1/Downloads/Canvas-Church/vendor/laravel/framework/src/Illuminate/Database/Connection.php(1339): call_user_func(Object(Closure))
#6 C:/Users/jjdd1/Downloads/Canvas-Church/vendor/laravel/framework/src/Illuminate/Database/Connection.php(1375): Illuminate/Database/Connection->getPdo()
#7 C:/Users/jjdd1/Downloads/Canvas-Church/vendor/laravel/framework/src/Illuminate/Database/Connection.php(528): Illuminate/Database/Connection->getReadPdo()
#8 C:/Users/jjdd1/Downloads/Canvas-Church/vendor/laravel/framework/src/Illuminate/Database/Connection.php(423): Illuminate/Database/Connection->getPdoForSelect(true)
#9 C:/Users/jjdd1/Downloads/Canvas-Church/vendor/laravel/framework/src/Illuminate/Database/Connection.php(816): Illuminate/Database/Connection->Illuminate/Database/{closure}('select * from `...', Array)
#10 C:/Users/jjdd1/Downloads/Canvas-Church/vendor/laravel/framework/src/Illuminate/Database/Connection.php(783): Illuminate/Database/Connection->runQueryCallback('select * from `...', Array, Object(Closure))
#11 C:/Users/jjdd1/Downloads/Canvas-Church/vendor/laravel/framework/src/Illuminate/Database/Connection.php(414): Illuminate/Database/Connection->run('select * from `...', Array, Object(Closure))
#12 C:/Users/jjdd1/Downloads/Canvas-Church/vendor/laravel/framework/src/Illuminate/Database/Query/Builder.php(2913): Illuminate/Database/Connection->select('select * from `...', Array, true)
#13 C:/Users/jjdd1/Downloads/Canvas-Church/vendor/laravel/framework/src/Illuminate/Database/Query/Builder.php(2902): Illuminate/Database/Query/Builder->runSelect()
#14 C:/Users/jjdd1/Downloads/Canvas-Church/vendor/laravel/framework/src/Illuminate/Database/Query/Builder.php(3456): Illuminate/Database/Query/Builder->Illuminate/Database/Query/{closure}()
#15 C:/Users/jjdd1/Downloads/Canvas-Church/vendor/laravel/framework/src/Illuminate/Database/Query/Builder.php(2901): Illuminate/Database/Query/Builder->onceWithColumns(Array, Object(Closure))
#16 C:/Users/jjdd1/Downloads/Canvas-Church/vendor/laravel/framework/src/Illuminate/Database/Concerns/BuildsQueries.php(333): Illuminate/Database/Query/Builder->get(Array)
#17 C:/Users/jjdd1/Downloads/Canvas-Church/vendor/laravel/framework/src/Illuminate/Database/Query/Builder.php(2824): Illuminate/Database/Query/Builder->first(Array)
#18 C:/Users/jjdd1/Downloads/Canvas-Church/vendor/laravel/framework/src/Illuminate/Session/DatabaseSessionHandler.php(97): Illuminate/Database/Query/Builder->find('xd0SFoRNe83LstK...')
#19 C:/Users/jjdd1/Downloads/Canvas-Church/vendor/laravel/framework/src/Illuminate/Session/Store.php(113): Illuminate/Session/DatabaseSessionHandler->read('xd0SFoRNe83LstK...')
#20 C:/Users/jjdd1/Downloads/Canvas-Church/vendor/laravel/framework/src/Illuminate/Session/Store.php(101): Illuminate/Session/Store->readFromHandler()
#21 C:/Users/jjdd1/Downloads/Canvas-Church/vendor/laravel/framework/src/Illuminate/Session/Store.php(85): Illuminate/Session/Store->loadSession()
#22 C:/Users/jjdd1/Downloads/Canvas-Church/vendor/laravel/framework/src/Illuminate/Session/Middleware/StartSession.php(147): Illuminate/Session/Store->start()
#23 C:/Users/jjdd1/Downloads/Canvas-Church/vendor/laravel/framework/src/Illuminate/Support/helpers.php(320): Illuminate/Session/Middleware/StartSession->Illuminate/Session/Middleware/{closure}(Object(Illuminate/Session/Store))
#24 C:/Users/jjdd1/Downloads/Canvas-Church/vendor/laravel/framework/src/Illuminate/Session/Middleware/StartSession.php(144): tap(Object(Illuminate/Session/Store), Object(Closure))
#25 C:/Users/jjdd1/Downloads/Canvas-Church/vendor/laravel/framework/src/Illuminate/Session/Middleware/StartSession.php(116): Illuminate/Session/Middleware/StartSession->startSession(Object(Illuminate/Http/Request), Object(Illuminate/Session/Store))
#26 C:/Users/jjdd1/Downloads/Canvas-Church/vendor/laravel/framework/src/Illuminate/Session/Middleware/StartSession.php(64): Illuminate/Session/Middleware/StartSession->handleStatefulRequest(Object(Illuminate/Http/Request), Object(Illuminate/Session/Store), Object(Closure))
#27 C:/Users/jjdd1/Downloads/Canvas-Church/vendor/laravel/framework/src/Illuminate/Pipeline/Pipeline.php(183): Illuminate/Session/Middleware/StartSession->handle(Object(Illuminate/Http/Request), Object(Closure))
#28 C:/Users/jjdd1/Downloads/Canvas-Church/vendor/laravel/framework/src/Illuminate/Cookie/Middleware/AddQueuedCookiesToResponse.php(37): Illuminate/Pipeline/Pipeline->Illuminate/Pipeline/{closure}(Object(Illuminate/Http/Request))
#29 C:/Users/jjdd1/Downloads/Canvas-Church/vendor/laravel/framework/src/Illuminate/Pipeline/Pipeline.php(183): Illuminate/Cookie/Middleware/AddQueuedCookiesToResponse->handle(Object(Illuminate/Http/Request), Object(Closure))
#30 C:/Users/jjdd1/Downloads/Canvas-Church/vendor/laravel/framework/src/Illuminate/Cookie/Middleware/EncryptCookies.php(67): Illuminate/Pipeline/Pipeline->Illuminate/Pipeline/{closure}(Object(Illuminate/Http/Request))
#31 C:/Users/jjdd1/Downloads/Canvas-Church/vendor/laravel/framework/src/Illuminate/Pipeline/Pipeline.php(183): Illuminate/Cookie/Middleware/EncryptCookies->handle(Object(Illuminate/Http/Request), Object(Closure))
#32 C:/Users/jjdd1/Downloads/Canvas-Church/vendor/laravel/framework/src/Illuminate/Pipeline/Pipeline.php(119): Illuminate/Pipeline/Pipeline->Illuminate/Pipeline/{closure}(Object(Illuminate/Http/Request))
#33 C:/Users/jjdd1/Downloads/Canvas-Church/vendor/laravel/framework/src/Illuminate/Routing/Router.php(805): Illuminate/Pipeline/Pipeline->then(Object(Closure))
#34 C:/Users/jjdd1/Downloads/Canvas-Church/vendor/laravel/framework/src/Illuminate/Routing/Router.php(784): Illuminate/Routing/Router->runRouteWithinStack(Object(Illuminate/Routing/Route), Object(Illuminate/Http/Request))
#35 C:/Users/jjdd1/Downloads/Canvas-Church/vendor/laravel/framework/src/Illuminate/Routing/Router.php(748): Illuminate/Routing/Router->runRoute(Object(Illuminate/Http/Request), Object(Illuminate/Routing/Route))
#36 C:/Users/jjdd1/Downloads/Canvas-Church/vendor/laravel/framework/src/Illuminate/Routing/Router.php(737): Illuminate/Routing/Router->dispatchToRoute(Object(Illuminate/Http/Request))
#37 C:/Users/jjdd1/Downloads/Canvas-Church/vendor/laravel/framework/src/Illuminate/Foundation/Http/Kernel.php(200): Illuminate/Routing/Router->dispatch(Object(Illuminate/Http/Request))
#38 C:/Users/jjdd1/Downloads/Canvas-Church/vendor/laravel/framework/src/Illuminate/Pipeline/Pipeline.php(144): Illuminate/Foundation/Http/Kernel->Illuminate/Foundation/Http/{closure}(Object(Illuminate/Http/Request))
#39 C:/Users/jjdd1/Downloads/Canvas-Church/vendor/livewire/livewire/src/Features/SupportDisablingBackButtonCache/DisableBackButtonCacheMiddleware.php(19): Illuminate/Pipeline/Pipeline->Illuminate/Pipeline/{closure}(Object(Illuminate/Http/Request))
#40 C:/Users/jjdd1/Downloads/Canvas-Church/vendor/laravel/framework/src/Illuminate/Pipeline/Pipeline.php(183): Livewire/Features/SupportDisablingBackButtonCache/DisableBackButtonCacheMiddleware->handle(Object(Illuminate/Http/Request), Object(Closure))
#41 C:/Users/jjdd1/Downloads/Canvas-Church/vendor/barryvdh/laravel-debugbar/src/Middleware/InjectDebugbar.php(66): Illuminate/Pipeline/Pipeline->Illuminate/Pipeline/{closure}(Object(Illuminate/Http/Request))
#42 C:/Users/jjdd1/Downloads/Canvas-Church/vendor/laravel/framework/src/Illuminate/Pipeline/Pipeline.php(183): Barryvdh/Debugbar/Middleware/InjectDebugbar->handle(Object(Illuminate/Http/Request), Object(Closure))
#43 C:/Users/jjdd1/Downloads/Canvas-Church/vendor/laravel/framework/src/Illuminate/Foundation/Http/Middleware/TransformsRequest.php(21): Illuminate/Pipeline/Pipeline->Illuminate/Pipeline/{closure}(Object(Illuminate/Http/Request))
#44 C:/Users/jjdd1/Downloads/Canvas-Church/vendor/laravel/framework/src/Illuminate/Foundation/Http/Middleware/ConvertEmptyStringsToNull.php(31): Illuminate/Foundation/Http/Middleware/TransformsRequest->handle(Object(Illuminate/Http/Request), Object(Closure))
#45 C:/Users/jjdd1/Downloads/Canvas-Church/vendor/laravel/framework/src/Illuminate/Pipeline/Pipeline.php(183): Illuminate/Foundation/Http/Middleware/ConvertEmptyStringsToNull->handle(Object(Illuminate/Http/Request), Object(Closure))
#46 C:/Users/jjdd1/Downloads/Canvas-Church/vendor/laravel/framework/src/Illuminate/Foundation/Http/Middleware/TransformsRequest.php(21): Illuminate/Pipeline/Pipeline->Illuminate/Pipeline/{closure}(Object(Illuminate/Http/Request))
#47 C:/Users/jjdd1/Downloads/Canvas-Church/vendor/laravel/framework/src/Illuminate/Foundation/Http/Middleware/TrimStrings.php(40): Illuminate/Foundation/Http/Middleware/TransformsRequest->handle(Object(Illuminate/Http/Request), Object(Closure))
#48 C:/Users/jjdd1/Downloads/Canvas-Church/vendor/laravel/framework/src/Illuminate/Pipeline/Pipeline.php(183): Illuminate/Foundation/Http/Middleware/TrimStrings->handle(Object(Illuminate/Http/Request), Object(Closure))
#49 C:/Users/jjdd1/Downloads/Canvas-Church/vendor/laravel/framework/src/Illuminate/Foundation/Http/Middleware/ValidatePostSize.php(27): Illuminate/Pipeline/Pipeline->Illuminate/Pipeline/{closure}(Object(Illuminate/Http/Request))
#50 C:/Users/jjdd1/Downloads/Canvas-Church/vendor/laravel/framework/src/Illuminate/Pipeline/Pipeline.php(183): Illuminate/Foundation/Http/Middleware/ValidatePostSize->handle(Object(Illuminate/Http/Request), Object(Closure))
#51 C:/Users/jjdd1/Downloads/Canvas-Church/vendor/laravel/framework/src/Illuminate/Foundation/Http/Middleware/PreventRequestsDuringMaintenance.php(99): Illuminate/Pipeline/Pipeline->Illuminate/Pipeline/{closure}(Object(Illuminate/Http/Request))
#52 C:/Users/jjdd1/Downloads/Canvas-Church/vendor/laravel/framework/src/Illuminate/Pipeline/Pipeline.php(183): Illuminate/Foundation/Http/Middleware/PreventRequestsDuringMaintenance->handle(Object(Illuminate/Http/Request), Object(Closure))
#53 C:/Users/jjdd1/Downloads/Canvas-Church/vendor/laravel/framework/src/Illuminate/Http/Middleware/HandleCors.php(49): Illuminate/Pipeline/Pipeline->Illuminate/Pipeline/{closure}(Object(Illuminate/Http/Request))
#54 C:/Users/jjdd1/Downloads/Canvas-Church/vendor/laravel/framework/src/Illuminate/Pipeline/Pipeline.php(183): Illuminate/Http/Middleware/HandleCors->handle(Object(Illuminate/Http/Request), Object(Closure))
#55 C:/Users/jjdd1/Downloads/Canvas-Church/vendor/laravel/framework/src/Illuminate/Http/Middleware/TrustProxies.php(39): Illuminate/Pipeline/Pipeline->Illuminate/Pipeline/{closure}(Object(Illuminate/Http/Request))
#56 C:/Users/jjdd1/Downloads/Canvas-Church/vendor/laravel/framework/src/Illuminate/Pipeline/Pipeline.php(183): Illuminate/Http/Middleware/TrustProxies->handle(Object(Illuminate/Http/Request), Object(Closure))
#57 C:/Users/jjdd1/Downloads/Canvas-Church/vendor/laravel/framework/src/Illuminate/Pipeline/Pipeline.php(119): Illuminate/Pipeline/Pipeline->Illuminate/Pipeline/{closure}(Object(Illuminate/Http/Request))
#58 C:/Users/jjdd1/Downloads/Canvas-Church/vendor/laravel/framework/src/Illuminate/Foundation/Http/Kernel.php(175): Illuminate/Pipeline/Pipeline->then(Object(Closure))
#59 C:/Users/jjdd1/Downloads/Canvas-Church/vendor/laravel/framework/src/Illuminate/Foundation/Http/Kernel.php(144): Illuminate/Foundation/Http/Kernel->sendRequestThroughRouter(Object(Illuminate/Http/Request))
#60 C:/Users/jjdd1/Downloads/Canvas-Church/public/index.php(51): Illuminate/Foundation/Http/Kernel->handle(Object(Illuminate/Http/Request))
#61 C:/Users/jjdd1/Downloads/Canvas-Church/vendor/laravel/framework/src/Illuminate/Foundation/resources/server.php(16): require_once('C://Users//jjdd1//...')
#62 {main}
"} 
[2026-08-09 07:46:27] local.ERROR: Debugbar exception: SQLSTATE[HY000] [1049] Unknown database 'cnavas' (Connection: mysql, SQL: select * from `sessions` where `id` = xd0SFoRNe83LstK4xNk77IIT3IM0o5RjiydPyniB limit 1)  
[2026-08-09 07:50:32] local.ERROR: SQLSTATE[42S22]: Column not found: 1054 Unknown column 'apellido' in 'field list' (Connection: mysql, SQL: insert into `users` (`name`, `apellido`, `email`, `password`, `updated_at`, `created_at`) values (artesano, roman, roman@email.com, $2y$10$NmPlcDOVIGn3JQV9OweB3.4UG36yyiLHXqnLhGpcU9EgELkZZH67W, 2026-08-09 07:50:32, 2026-08-09 07:50:32)) {"userId":2,"exception":"[object] (Illuminate\\Database\\QueryException(code: 42S22): SQLSTATE[42S22]: Column not found: 1054 Unknown column 'apellido' in 'field list' (Connection: mysql, SQL: insert into `users` (`name`, `apellido`, `email`, `password`, `updated_at`, `created_at`) values (artesano, roman, roman@email.com, $2y$10$NmPlcDOVIGn3JQV9OweB3.4UG36yyiLHXqnLhGpcU9EgELkZZH67W, 2026-08-09 07:50:32, 2026-08-09 07:50:32)) at C:/Users/jjdd1/Downloads/Canvas-Church/vendor/laravel/framework/src/Illuminate/Database/Connection.php:829)
[stacktrace]
#0 C:/Users/jjdd1/Downloads/Canvas-Church/vendor/laravel/framework/src/Illuminate/Database/Connection.php(783): Illuminate/Database/Connection->runQueryCallback('insert into `us...', Array, Object(Closure))
#1 C:/Users/jjdd1/Downloads/Canvas-Church/vendor/laravel/framework/src/Illuminate/Database/MySqlConnection.php(34): Illuminate/Database/Connection->run('insert into `us...', Array, Object(Closure))
#2 C:/Users/jjdd1/Downloads/Canvas-Church/vendor/laravel/framework/src/Illuminate/Database/Query/Processors/MySqlProcessor.php(35): Illuminate/Database/MySqlConnection->insert('insert into `us...', Array, 'id')
#3 C:/Users/jjdd1/Downloads/Canvas-Church/vendor/laravel/framework/src/Illuminate/Database/Query/Builder.php(3549): Illuminate/Database/Query/Processors/MySqlProcessor->processInsertGetId(Object(Illuminate/Database/Query/Builder), 'insert into `us...', Array, 'id')
#4 C:/Users/jjdd1/Downloads/Canvas-Church/vendor/laravel/framework/src/Illuminate/Database/Eloquent/Builder.php(1982): Illuminate/Database/Query/Builder->insertGetId(Array, 'id')
#5 C:/Users/jjdd1/Downloads/Canvas-Church/vendor/laravel/framework/src/Illuminate/Database/Eloquent/Model.php(1334): Illuminate/Database/Eloquent/Builder->__call('insertGetId', Array)
#6 C:/Users/jjdd1/Downloads/Canvas-Church/vendor/laravel/framework/src/Illuminate/Database/Eloquent/Model.php(1299): Illuminate/Database/Eloquent/Model->insertAndSetId(Object(Illuminate/Database/Eloquent/Builder), Array)
#7 C:/Users/jjdd1/Downloads/Canvas-Church/vendor/laravel/framework/src/Illuminate/Database/Eloquent/Model.php(1138): Illuminate/Database/Eloquent/Model->performInsert(Object(Illuminate/Database/Eloquent/Builder))
#8 C:/Users/jjdd1/Downloads/Canvas-Church/app/Http/Controllers/Admin/UserController.php(70): Illuminate/Database/Eloquent/Model->save()
#9 C:/Users/jjdd1/Downloads/Canvas-Church/vendor/laravel/framework/src/Illuminate/Routing/Controller.php(54): App/Http/Controllers/Admin/UserController->store(Object(Illuminate/Http/Request))
#10 C:/Users/jjdd1/Downloads/Canvas-Church/vendor/laravel/framework/src/Illuminate/Routing/ControllerDispatcher.php(43): Illuminate/Routing/Controller->callAction('store', Array)
#11 C:/Users/jjdd1/Downloads/Canvas-Church/vendor/laravel/framework/src/Illuminate/Routing/Route.php(259): Illuminate/Routing/ControllerDispatcher->dispatch(Object(Illuminate/Routing/Route), Object(App/Http/Controllers/Admin/UserController), 'store')
#12 C:/Users/jjdd1/Downloads/Canvas-Church/vendor/laravel/framework/src/Illuminate/Routing/Route.php(205): Illuminate/Routing/Route->runController()
#13 C:/Users/jjdd1/Downloads/Canvas-Church/vendor/laravel/framework/src/Illuminate/Routing/Router.php(806): Illuminate/Routing/Route->run()
#14 C:/Users/jjdd1/Downloads/Canvas-Church/vendor/laravel/framework/src/Illuminate/Pipeline/Pipeline.php(144): Illuminate/Routing/Router->Illuminate/Routing/{closure}(Object(Illuminate/Http/Request))
#15 C:/Users/jjdd1/Downloads/Canvas-Church/vendor/laravel/framework/src/Illuminate/Auth/Middleware/Authorize.php(57): Illuminate/Pipeline/Pipeline->Illuminate/Pipeline/{closure}(Object(Illuminate/Http/Request))
#16 C:/Users/jjdd1/Downloads/Canvas-Church/vendor/laravel/framework/src/Illuminate/Pipeline/Pipeline.php(183): Illuminate/Auth/Middleware/Authorize->handle(Object(Illuminate/Http/Request), Object(Closure), 'admin.users.ind...')
#17 C:/Users/jjdd1/Downloads/Canvas-Church/vendor/barryvdh/laravel-debugbar/src/Middleware/InjectDebugbar.php(66): Illuminate/Pipeline/Pipeline->Illuminate/Pipeline/{closure}(Object(Illuminate/Http/Request))
#18 C:/Users/jjdd1/Downloads/Canvas-Church/vendor/laravel/framework/src/Illuminate/Pipeline/Pipeline.php(183): Barryvdh/Debugbar/Middleware/InjectDebugbar->handle(Object(Illuminate/Http/Request), Object(Closure))
#19 C:/Users/jjdd1/Downloads/Canvas-Church/app/Http/Middleware/EnsureProfileIsComplete.php(36): Illuminate/Pipeline/Pipeline->Illuminate/Pipeline/{closure}(Object(Illuminate/Http/Request))
#20 C:/Users/jjdd1/Downloads/Canvas-Church/vendor/laravel/framework/src/Illuminate/Pipeline/Pipeline.php(183): App/Http/Middleware/EnsureProfileIsComplete->handle(Object(Illuminate/Http/Request), Object(Closure))
#21 C:/Users/jjdd1/Downloads/Canvas-Church/vendor/laravel/framework/src/Illuminate/Routing/Middleware/SubstituteBindings.php(50): Illuminate/Pipeline/Pipeline->Illuminate/Pipeline/{closure}(Object(Illuminate/Http/Request))
#22 C:/Users/jjdd1/Downloads/Canvas-Church/vendor/laravel/framework/src/Illuminate/Pipeline/Pipeline.php(183): Illuminate/Routing/Middleware/SubstituteBindings->handle(Object(Illuminate/Http/Request), Object(Closure))
#23 C:/Users/jjdd1/Downloads/Canvas-Church/vendor/laravel/framework/src/Illuminate/Auth/Middleware/Authenticate.php(57): Illuminate/Pipeline/Pipeline->Illuminate/Pipeline/{closure}(Object(Illuminate/Http/Request))
#24 C:/Users/jjdd1/Downloads/Canvas-Church/vendor/laravel/framework/src/Illuminate/Pipeline/Pipeline.php(183): Illuminate/Auth/Middleware/Authenticate->handle(Object(Illuminate/Http/Request), Object(Closure))
#25 C:/Users/jjdd1/Downloads/Canvas-Church/vendor/laravel/framework/src/Illuminate/Foundation/Http/Middleware/VerifyCsrfToken.php(78): Illuminate/Pipeline/Pipeline->Illuminate/Pipeline/{closure}(Object(Illuminate/Http/Request))
#26 C:/Users/jjdd1/Downloads/Canvas-Church/vendor/laravel/framework/src/Illuminate/Pipeline/Pipeline.php(183): Illuminate/Foundation/Http/Middleware/VerifyCsrfToken->handle(Object(Illuminate/Http/Request), Object(Closure))
#27 C:/Users/jjdd1/Downloads/Canvas-Church/vendor/laravel/framework/src/Illuminate/View/Middleware/ShareErrorsFromSession.php(49): Illuminate/Pipeline/Pipeline->Illuminate/Pipeline/{closure}(Object(Illuminate/Http/Request))
#28 C:/Users/jjdd1/Downloads/Canvas-Church/vendor/laravel/framework/src/Illuminate/Pipeline/Pipeline.php(183): Illuminate/View/Middleware/ShareErrorsFromSession->handle(Object(Illuminate/Http/Request), Object(Closure))
#29 C:/Users/jjdd1/Downloads/Canvas-Church/vendor/laravel/framework/src/Illuminate/Session/Middleware/StartSession.php(121): Illuminate/Pipeline/Pipeline->Illuminate/Pipeline/{closure}(Object(Illuminate/Http/Request))
#30 C:/Users/jjdd1/Downloads/Canvas-Church/vendor/laravel/framework/src/Illuminate/Session/Middleware/StartSession.php(64): Illuminate/Session/Middleware/StartSession->handleStatefulRequest(Object(Illuminate/Http/Request), Object(Illuminate/Session/Store), Object(Closure))
#31 C:/Users/jjdd1/Downloads/Canvas-Church/vendor/laravel/framework/src/Illuminate/Pipeline/Pipeline.php(183): Illuminate/Session/Middleware/StartSession->handle(Object(Illuminate/Http/Request), Object(Closure))
#32 C:/Users/jjdd1/Downloads/Canvas-Church/vendor/laravel/framework/src/Illuminate/Cookie/Middleware/AddQueuedCookiesToResponse.php(37): Illuminate/Pipeline/Pipeline->Illuminate/Pipeline/{closure}(Object(Illuminate/Http/Request))
#33 C:/Users/jjdd1/Downloads/Canvas-Church/vendor/laravel/framework/src/Illuminate/Pipeline/Pipeline.php(183): Illuminate/Cookie/Middleware/AddQueuedCookiesToResponse->handle(Object(Illuminate/Http/Request), Object(Closure))
#34 C:/Users/jjdd1/Downloads/Canvas-Church/vendor/laravel/framework/src/Illuminate/Cookie/Middleware/EncryptCookies.php(67): Illuminate/Pipeline/Pipeline->Illuminate/Pipeline/{closure}(Object(Illuminate/Http/Request))
#35 C:/Users/jjdd1/Downloads/Canvas-Church/vendor/laravel/framework/src/Illuminate/Pipeline/Pipeline.php(183): Illuminate/Cookie/Middleware/EncryptCookies->handle(Object(Illuminate/Http/Request), Object(Closure))
#36 C:/Users/jjdd1/Downloads/Canvas-Church/vendor/laravel/framework/src/Illuminate/Pipeline/Pipeline.php(119): Illuminate/Pipeline/Pipeline->Illuminate/Pipeline/{closure}(Object(Illuminate/Http/Request))
#37 C:/Users/jjdd1/Downloads/Canvas-Church/vendor/laravel/framework/src/Illuminate/Routing/Router.php(805): Illuminate/Pipeline/Pipeline->then(Object(Closure))
#38 C:/Users/jjdd1/Downloads/Canvas-Church/vendor/laravel/framework/src/Illuminate/Routing/Router.php(784): Illuminate/Routing/Router->runRouteWithinStack(Object(Illuminate/Routing/Route), Object(Illuminate/Http/Request))
#39 C:/Users/jjdd1/Downloads/Canvas-Church/vendor/laravel/framework/src/Illuminate/Routing/Router.php(748): Illuminate/Routing/Router->runRoute(Object(Illuminate/Http/Request), Object(Illuminate/Routing/Route))
#40 C:/Users/jjdd1/Downloads/Canvas-Church/vendor/laravel/framework/src/Illuminate/Routing/Router.php(737): Illuminate/Routing/Router->dispatchToRoute(Object(Illuminate/Http/Request))
#41 C:/Users/jjdd1/Downloads/Canvas-Church/vendor/laravel/framework/src/Illuminate/Foundation/Http/Kernel.php(200): Illuminate/Routing/Router->dispatch(Object(Illuminate/Http/Request))
#42 C:/Users/jjdd1/Downloads/Canvas-Church/vendor/laravel/framework/src/Illuminate/Pipeline/Pipeline.php(144): Illuminate/Foundation/Http/Kernel->Illuminate/Foundation/Http/{closure}(Object(Illuminate/Http/Request))
#43 C:/Users/jjdd1/Downloads/Canvas-Church/vendor/livewire/livewire/src/Features/SupportDisablingBackButtonCache/DisableBackButtonCacheMiddleware.php(19): Illuminate/Pipeline/Pipeline->Illuminate/Pipeline/{closure}(Object(Illuminate/Http/Request))
#44 C:/Users/jjdd1/Downloads/Canvas-Church/vendor/laravel/framework/src/Illuminate/Pipeline/Pipeline.php(183): Livewire/Features/SupportDisablingBackButtonCache/DisableBackButtonCacheMiddleware->handle(Object(Illuminate/Http/Request), Object(Closure))
#45 C:/Users/jjdd1/Downloads/Canvas-Church/vendor/barryvdh/laravel-debugbar/src/Middleware/InjectDebugbar.php(66): Illuminate/Pipeline/Pipeline->Illuminate/Pipeline/{closure}(Object(Illuminate/Http/Request))
#46 C:/Users/jjdd1/Downloads/Canvas-Church/vendor/laravel/framework/src/Illuminate/Pipeline/Pipeline.php(183): Barryvdh/Debugbar/Middleware/InjectDebugbar->handle(Object(Illuminate/Http/Request), Object(Closure))
#47 C:/Users/jjdd1/Downloads/Canvas-Church/vendor/laravel/framework/src/Illuminate/Foundation/Http/Middleware/TransformsRequest.php(21): Illuminate/Pipeline/Pipeline->Illuminate/Pipeline/{closure}(Object(Illuminate/Http/Request))
#48 C:/Users/jjdd1/Downloads/Canvas-Church/vendor/laravel/framework/src/Illuminate/Foundation/Http/Middleware/ConvertEmptyStringsToNull.php(31): Illuminate/Foundation/Http/Middleware/TransformsRequest->handle(Object(Illuminate/Http/Request), Object(Closure))
#49 C:/Users/jjdd1/Downloads/Canvas-Church/vendor/laravel/framework/src/Illuminate/Pipeline/Pipeline.php(183): Illuminate/Foundation/Http/Middleware/ConvertEmptyStringsToNull->handle(Object(Illuminate/Http/Request), Object(Closure))
#50 C:/Users/jjdd1/Downloads/Canvas-Church/vendor/laravel/framework/src/Illuminate/Foundation/Http/Middleware/TransformsRequest.php(21): Illuminate/Pipeline/Pipeline->Illuminate/Pipeline/{closure}(Object(Illuminate/Http/Request))
#51 C:/Users/jjdd1/Downloads/Canvas-Church/vendor/laravel/framework/src/Illuminate/Foundation/Http/Middleware/TrimStrings.php(40): Illuminate/Foundation/Http/Middleware/TransformsRequest->handle(Object(Illuminate/Http/Request), Object(Closure))
#52 C:/Users/jjdd1/Downloads/Canvas-Church/vendor/laravel/framework/src/Illuminate/Pipeline/Pipeline.php(183): Illuminate/Foundation/Http/Middleware/TrimStrings->handle(Object(Illuminate/Http/Request), Object(Closure))
#53 C:/Users/jjdd1/Downloads/Canvas-Church/vendor/laravel/framework/src/Illuminate/Foundation/Http/Middleware/ValidatePostSize.php(27): Illuminate/Pipeline/Pipeline->Illuminate/Pipeline/{closure}(Object(Illuminate/Http/Request))
#54 C:/Users/jjdd1/Downloads/Canvas-Church/vendor/laravel/framework/src/Illuminate/Pipeline/Pipeline.php(183): Illuminate/Foundation/Http/Middleware/ValidatePostSize->handle(Object(Illuminate/Http/Request), Object(Closure))
#55 C:/Users/jjdd1/Downloads/Canvas-Church/vendor/laravel/framework/src/Illuminate/Foundation/Http/Middleware/PreventRequestsDuringMaintenance.php(99): Illuminate/Pipeline/Pipeline->Illuminate/Pipeline/{closure}(Object(Illuminate/Http/Request))
#56 C:/Users/jjdd1/Downloads/Canvas-Church/vendor/laravel/framework/src/Illuminate/Pipeline/Pipeline.php(183): Illuminate/Foundation/Http/Middleware/PreventRequestsDuringMaintenance->handle(Object(Illuminate/Http/Request), Object(Closure))
#57 C:/Users/jjdd1/Downloads/Canvas-Church/vendor/laravel/framework/src/Illuminate/Http/Middleware/HandleCors.php(49): Illuminate/Pipeline/Pipeline->Illuminate/Pipeline/{closure}(Object(Illuminate/Http/Request))
#58 C:/Users/jjdd1/Downloads/Canvas-Church/vendor/laravel/framework/src/Illuminate/Pipeline/Pipeline.php(183): Illuminate/Http/Middleware/HandleCors->handle(Object(Illuminate/Http/Request), Object(Closure))
#59 C:/Users/jjdd1/Downloads/Canvas-Church/vendor/laravel/framework/src/Illuminate/Http/Middleware/TrustProxies.php(39): Illuminate/Pipeline/Pipeline->Illuminate/Pipeline/{closure}(Object(Illuminate/Http/Request))
#60 C:/Users/jjdd1/Downloads/Canvas-Church/vendor/laravel/framework/src/Illuminate/Pipeline/Pipeline.php(183): Illuminate/Http/Middleware/TrustProxies->handle(Object(Illuminate/Http/Request), Object(Closure))
#61 C:/Users/jjdd1/Downloads/Canvas-Church/vendor/laravel/framework/src/Illuminate/Pipeline/Pipeline.php(119): Illuminate/Pipeline/Pipeline->Illuminate/Pipeline/{closure}(Object(Illuminate/Http/Request))
#62 C:/Users/jjdd1/Downloads/Canvas-Church/vendor/laravel/framework/src/Illuminate/Foundation/Http/Kernel.php(175): Illuminate/Pipeline/Pipeline->then(Object(Closure))
#63 C:/Users/jjdd1/Downloads/Canvas-Church/vendor/laravel/framework/src/Illuminate/Foundation/Http/Kernel.php(144): Illuminate/Foundation/Http/Kernel->sendRequestThroughRouter(Object(Illuminate/Http/Request))
#64 C:/Users/jjdd1/Downloads/Canvas-Church/public/index.php(51): Illuminate/Foundation/Http/Kernel->handle(Object(Illuminate/Http/Request))
#65 C:/Users/jjdd1/Downloads/Canvas-Church/vendor/laravel/framework/src/Illuminate/Foundation/resources/server.php(16): require_once('C://Users//jjdd1//...')
#66 {main}

[previous exception] [object] (PDOException(code: 42S22): SQLSTATE[42S22]: Column not found: 1054 Unknown column 'apellido' in 'field list' at C:/Users/jjdd1/Downloads/Canvas-Church/vendor/laravel/framework/src/Illuminate/Database/MySqlConnection.php:39)
[stacktrace]
#0 C:/Users/jjdd1/Downloads/Canvas-Church/vendor/laravel/framework/src/Illuminate/Database/MySqlConnection.php(39): PDO->prepare('insert into `us...')
#1 C:/Users/jjdd1/Downloads/Canvas-Church/vendor/laravel/framework/src/Illuminate/Database/Connection.php(816): Illuminate/Database/MySqlConnection->Illuminate/Database/{closure}('insert into `us...', Array)
#2 C:/Users/jjdd1/Downloads/Canvas-Church/vendor/laravel/framework/src/Illuminate/Database/Connection.php(783): Illuminate/Database/Connection->runQueryCallback('insert into `us...', Array, Object(Closure))
#3 C:/Users/jjdd1/Downloads/Canvas-Church/vendor/laravel/framework/src/Illuminate/Database/MySqlConnection.php(34): Illuminate/Database/Connection->run('insert into `us...', Array, Object(Closure))
#4 C:/Users/jjdd1/Downloads/Canvas-Church/vendor/laravel/framework/src/Illuminate/Database/Query/Processors/MySqlProcessor.php(35): Illuminate/Database/MySqlConnection->insert('insert into `us...', Array, 'id')
#5 C:/Users/jjdd1/Downloads/Canvas-Church/vendor/laravel/framework/src/Illuminate/Database/Query/Builder.php(3549): Illuminate/Database/Query/Processors/MySqlProcessor->processInsertGetId(Object(Illuminate/Database/Query/Builder), 'insert into `us...', Array, 'id')
#6 C:/Users/jjdd1/Downloads/Canvas-Church/vendor/laravel/framework/src/Illuminate/Database/Eloquent/Builder.php(1982): Illuminate/Database/Query/Builder->insertGetId(Array, 'id')
#7 C:/Users/jjdd1/Downloads/Canvas-Church/vendor/laravel/framework/src/Illuminate/Database/Eloquent/Model.php(1334): Illuminate/Database/Eloquent/Builder->__call('insertGetId', Array)
#8 C:/Users/jjdd1/Downloads/Canvas-Church/vendor/laravel/framework/src/Illuminate/Database/Eloquent/Model.php(1299): Illuminate/Database/Eloquent/Model->insertAndSetId(Object(Illuminate/Database/Eloquent/Builder), Array)
#9 C:/Users/jjdd1/Downloads/Canvas-Church/vendor/laravel/framework/src/Illuminate/Database/Eloquent/Model.php(1138): Illuminate/Database/Eloquent/Model->performInsert(Object(Illuminate/Database/Eloquent/Builder))
#10 C:/Users/jjdd1/Downloads/Canvas-Church/app/Http/Controllers/Admin/UserController.php(70): Illuminate/Database/Eloquent/Model->save()
#11 C:/Users/jjdd1/Downloads/Canvas-Church/vendor/laravel/framework/src/Illuminate/Routing/Controller.php(54): App/Http/Controllers/Admin/UserController->store(Object(Illuminate/Http/Request))
#12 C:/Users/jjdd1/Downloads/Canvas-Church/vendor/laravel/framework/src/Illuminate/Routing/ControllerDispatcher.php(43): Illuminate/Routing/Controller->callAction('store', Array)
#13 C:/Users/jjdd1/Downloads/Canvas-Church/vendor/laravel/framework/src/Illuminate/Routing/Route.php(259): Illuminate/Routing/ControllerDispatcher->dispatch(Object(Illuminate/Routing/Route), Object(App/Http/Controllers/Admin/UserController), 'store')
#14 C:/Users/jjdd1/Downloads/Canvas-Church/vendor/laravel/framework/src/Illuminate/Routing/Route.php(205): Illuminate/Routing/Route->runController()
#15 C:/Users/jjdd1/Downloads/Canvas-Church/vendor/laravel/framework/src/Illuminate/Routing/Router.php(806): Illuminate/Routing/Route->run()
#16 C:/Users/jjdd1/Downloads/Canvas-Church/vendor/laravel/framework/src/Illuminate/Pipeline/Pipeline.php(144): Illuminate/Routing/Router->Illuminate/Routing/{closure}(Object(Illuminate/Http/Request))
#17 C:/Users/jjdd1/Downloads/Canvas-Church/vendor/laravel/framework/src/Illuminate/Auth/Middleware/Authorize.php(57): Illuminate/Pipeline/Pipeline->Illuminate/Pipeline/{closure}(Object(Illuminate/Http/Request))
#18 C:/Users/jjdd1/Downloads/Canvas-Church/vendor/laravel/framework/src/Illuminate/Pipeline/Pipeline.php(183): Illuminate/Auth/Middleware/Authorize->handle(Object(Illuminate/Http/Request), Object(Closure), 'admin.users.ind...')
#19 C:/Users/jjdd1/Downloads/Canvas-Church/vendor/barryvdh/laravel-debugbar/src/Middleware/InjectDebugbar.php(66): Illuminate/Pipeline/Pipeline->Illuminate/Pipeline/{closure}(Object(Illuminate/Http/Request))
#20 C:/Users/jjdd1/Downloads/Canvas-Church/vendor/laravel/framework/src/Illuminate/Pipeline/Pipeline.php(183): Barryvdh/Debugbar/Middleware/InjectDebugbar->handle(Object(Illuminate/Http/Request), Object(Closure))
#21 C:/Users/jjdd1/Downloads/Canvas-Church/app/Http/Middleware/EnsureProfileIsComplete.php(36): Illuminate/Pipeline/Pipeline->Illuminate/Pipeline/{closure}(Object(Illuminate/Http/Request))
#22 C:/Users/jjdd1/Downloads/Canvas-Church/vendor/laravel/framework/src/Illuminate/Pipeline/Pipeline.php(183): App/Http/Middleware/EnsureProfileIsComplete->handle(Object(Illuminate/Http/Request), Object(Closure))
#23 C:/Users/jjdd1/Downloads/Canvas-Church/vendor/laravel/framework/src/Illuminate/Routing/Middleware/SubstituteBindings.php(50): Illuminate/Pipeline/Pipeline->Illuminate/Pipeline/{closure}(Object(Illuminate/Http/Request))
#24 C:/Users/jjdd1/Downloads/Canvas-Church/vendor/laravel/framework/src/Illuminate/Pipeline/Pipeline.php(183): Illuminate/Routing/Middleware/SubstituteBindings->handle(Object(Illuminate/Http/Request), Object(Closure))
#25 C:/Users/jjdd1/Downloads/Canvas-Church/vendor/laravel/framework/src/Illuminate/Auth/Middleware/Authenticate.php(57): Illuminate/Pipeline/Pipeline->Illuminate/Pipeline/{closure}(Object(Illuminate/Http/Request))
#26 C:/Users/jjdd1/Downloads/Canvas-Church/vendor/laravel/framework/src/Illuminate/Pipeline/Pipeline.php(183): Illuminate/Auth/Middleware/Authenticate->handle(Object(Illuminate/Http/Request), Object(Closure))
#27 C:/Users/jjdd1/Downloads/Canvas-Church/vendor/laravel/framework/src/Illuminate/Foundation/Http/Middleware/VerifyCsrfToken.php(78): Illuminate/Pipeline/Pipeline->Illuminate/Pipeline/{closure}(Object(Illuminate/Http/Request))
#28 C:/Users/jjdd1/Downloads/Canvas-Church/vendor/laravel/framework/src/Illuminate/Pipeline/Pipeline.php(183): Illuminate/Foundation/Http/Middleware/VerifyCsrfToken->handle(Object(Illuminate/Http/Request), Object(Closure))
#29 C:/Users/jjdd1/Downloads/Canvas-Church/vendor/laravel/framework/src/Illuminate/View/Middleware/ShareErrorsFromSession.php(49): Illuminate/Pipeline/Pipeline->Illuminate/Pipeline/{closure}(Object(Illuminate/Http/Request))
#30 C:/Users/jjdd1/Downloads/Canvas-Church/vendor/laravel/framework/src/Illuminate/Pipeline/Pipeline.php(183): Illuminate/View/Middleware/ShareErrorsFromSession->handle(Object(Illuminate/Http/Request), Object(Closure))
#31 C:/Users/jjdd1/Downloads/Canvas-Church/vendor/laravel/framework/src/Illuminate/Session/Middleware/StartSession.php(121): Illuminate/Pipeline/Pipeline->Illuminate/Pipeline/{closure}(Object(Illuminate/Http/Request))
#32 C:/Users/jjdd1/Downloads/Canvas-Church/vendor/laravel/framework/src/Illuminate/Session/Middleware/StartSession.php(64): Illuminate/Session/Middleware/StartSession->handleStatefulRequest(Object(Illuminate/Http/Request), Object(Illuminate/Session/Store), Object(Closure))
#33 C:/Users/jjdd1/Downloads/Canvas-Church/vendor/laravel/framework/src/Illuminate/Pipeline/Pipeline.php(183): Illuminate/Session/Middleware/StartSession->handle(Object(Illuminate/Http/Request), Object(Closure))
#34 C:/Users/jjdd1/Downloads/Canvas-Church/vendor/laravel/framework/src/Illuminate/Cookie/Middleware/AddQueuedCookiesToResponse.php(37): Illuminate/Pipeline/Pipeline->Illuminate/Pipeline/{closure}(Object(Illuminate/Http/Request))
#35 C:/Users/jjdd1/Downloads/Canvas-Church/vendor/laravel/framework/src/Illuminate/Pipeline/Pipeline.php(183): Illuminate/Cookie/Middleware/AddQueuedCookiesToResponse->handle(Object(Illuminate/Http/Request), Object(Closure))
#36 C:/Users/jjdd1/Downloads/Canvas-Church/vendor/laravel/framework/src/Illuminate/Cookie/Middleware/EncryptCookies.php(67): Illuminate/Pipeline/Pipeline->Illuminate/Pipeline/{closure}(Object(Illuminate/Http/Request))
#37 C:/Users/jjdd1/Downloads/Canvas-Church/vendor/laravel/framework/src/Illuminate/Pipeline/Pipeline.php(183): Illuminate/Cookie/Middleware/EncryptCookies->handle(Object(Illuminate/Http/Request), Object(Closure))
#38 C:/Users/jjdd1/Downloads/Canvas-Church/vendor/laravel/framework/src/Illuminate/Pipeline/Pipeline.php(119): Illuminate/Pipeline/Pipeline->Illuminate/Pipeline/{closure}(Object(Illuminate/Http/Request))
#39 C:/Users/jjdd1/Downloads/Canvas-Church/vendor/laravel/framework/src/Illuminate/Routing/Router.php(805): Illuminate/Pipeline/Pipeline->then(Object(Closure))
#40 C:/Users/jjdd1/Downloads/Canvas-Church/vendor/laravel/framework/src/Illuminate/Routing/Router.php(784): Illuminate/Routing/Router->runRouteWithinStack(Object(Illuminate/Routing/Route), Object(Illuminate/Http/Request))
#41 C:/Users/jjdd1/Downloads/Canvas-Church/vendor/laravel/framework/src/Illuminate/Routing/Router.php(748): Illuminate/Routing/Router->runRoute(Object(Illuminate/Http/Request), Object(Illuminate/Routing/Route))
#42 C:/Users/jjdd1/Downloads/Canvas-Church/vendor/laravel/framework/src/Illuminate/Routing/Router.php(737): Illuminate/Routing/Router->dispatchToRoute(Object(Illuminate/Http/Request))
#43 C:/Users/jjdd1/Downloads/Canvas-Church/vendor/laravel/framework/src/Illuminate/Foundation/Http/Kernel.php(200): Illuminate/Routing/Router->dispatch(Object(Illuminate/Http/Request))
#44 C:/Users/jjdd1/Downloads/Canvas-Church/vendor/laravel/framework/src/Illuminate/Pipeline/Pipeline.php(144): Illuminate/Foundation/Http/Kernel->Illuminate/Foundation/Http/{closure}(Object(Illuminate/Http/Request))
#45 C:/Users/jjdd1/Downloads/Canvas-Church/vendor/livewire/livewire/src/Features/SupportDisablingBackButtonCache/DisableBackButtonCacheMiddleware.php(19): Illuminate/Pipeline/Pipeline->Illuminate/Pipeline/{closure}(Object(Illuminate/Http/Request))
#46 C:/Users/jjdd1/Downloads/Canvas-Church/vendor/laravel/framework/src/Illuminate/Pipeline/Pipeline.php(183): Livewire/Features/SupportDisablingBackButtonCache/DisableBackButtonCacheMiddleware->handle(Object(Illuminate/Http/Request), Object(Closure))
#47 C:/Users/jjdd1/Downloads/Canvas-Church/vendor/barryvdh/laravel-debugbar/src/Middleware/InjectDebugbar.php(66): Illuminate/Pipeline/Pipeline->Illuminate/Pipeline/{closure}(Object(Illuminate/Http/Request))
#48 C:/Users/jjdd1/Downloads/Canvas-Church/vendor/laravel/framework/src/Illuminate/Pipeline/Pipeline.php(183): Barryvdh/Debugbar/Middleware/InjectDebugbar->handle(Object(Illuminate/Http/Request), Object(Closure))
#49 C:/Users/jjdd1/Downloads/Canvas-Church/vendor/laravel/framework/src/Illuminate/Foundation/Http/Middleware/TransformsRequest.php(21): Illuminate/Pipeline/Pipeline->Illuminate/Pipeline/{closure}(Object(Illuminate/Http/Request))
#50 C:/Users/jjdd1/Downloads/Canvas-Church/vendor/laravel/framework/src/Illuminate/Foundation/Http/Middleware/ConvertEmptyStringsToNull.php(31): Illuminate/Foundation/Http/Middleware/TransformsRequest->handle(Object(Illuminate/Http/Request), Object(Closure))
#51 C:/Users/jjdd1/Downloads/Canvas-Church/vendor/laravel/framework/src/Illuminate/Pipeline/Pipeline.php(183): Illuminate/Foundation/Http/Middleware/ConvertEmptyStringsToNull->handle(Object(Illuminate/Http/Request), Object(Closure))
#52 C:/Users/jjdd1/Downloads/Canvas-Church/vendor/laravel/framework/src/Illuminate/Foundation/Http/Middleware/TransformsRequest.php(21): Illuminate/Pipeline/Pipeline->Illuminate/Pipeline/{closure}(Object(Illuminate/Http/Request))
#53 C:/Users/jjdd1/Downloads/Canvas-Church/vendor/laravel/framework/src/Illuminate/Foundation/Http/Middleware/TrimStrings.php(40): Illuminate/Foundation/Http/Middleware/TransformsRequest->handle(Object(Illuminate/Http/Request), Object(Closure))
#54 C:/Users/jjdd1/Downloads/Canvas-Church/vendor/laravel/framework/src/Illuminate/Pipeline/Pipeline.php(183): Illuminate/Foundation/Http/Middleware/TrimStrings->handle(Object(Illuminate/Http/Request), Object(Closure))
#55 C:/Users/jjdd1/Downloads/Canvas-Church/vendor/laravel/framework/src/Illuminate/Foundation/Http/Middleware/ValidatePostSize.php(27): Illuminate/Pipeline/Pipeline->Illuminate/Pipeline/{closure}(Object(Illuminate/Http/Request))
#56 C:/Users/jjdd1/Downloads/Canvas-Church/vendor/laravel/framework/src/Illuminate/Pipeline/Pipeline.php(183): Illuminate/Foundation/Http/Middleware/ValidatePostSize->handle(Object(Illuminate/Http/Request), Object(Closure))
#57 C:/Users/jjdd1/Downloads/Canvas-Church/vendor/laravel/framework/src/Illuminate/Foundation/Http/Middleware/PreventRequestsDuringMaintenance.php(99): Illuminate/Pipeline/Pipeline->Illuminate/Pipeline/{closure}(Object(Illuminate/Http/Request))
#58 C:/Users/jjdd1/Downloads/Canvas-Church/vendor/laravel/framework/src/Illuminate/Pipeline/Pipeline.php(183): Illuminate/Foundation/Http/Middleware/PreventRequestsDuringMaintenance->handle(Object(Illuminate/Http/Request), Object(Closure))
#59 C:/Users/jjdd1/Downloads/Canvas-Church/vendor/laravel/framework/src/Illuminate/Http/Middleware/HandleCors.php(49): Illuminate/Pipeline/Pipeline->Illuminate/Pipeline/{closure}(Object(Illuminate/Http/Request))
#60 C:/Users/jjdd1/Downloads/Canvas-Church/vendor/laravel/framework/src/Illuminate/Pipeline/Pipeline.php(183): Illuminate/Http/Middleware/HandleCors->handle(Object(Illuminate/Http/Request), Object(Closure))
#61 C:/Users/jjdd1/Downloads/Canvas-Church/vendor/laravel/framework/src/Illuminate/Http/Middleware/TrustProxies.php(39): Illuminate/Pipeline/Pipeline->Illuminate/Pipeline/{closure}(Object(Illuminate/Http/Request))
#62 C:/Users/jjdd1/Downloads/Canvas-Church/vendor/laravel/framework/src/Illuminate/Pipeline/Pipeline.php(183): Illuminate/Http/Middleware/TrustProxies->handle(Object(Illuminate/Http/Request), Object(Closure))
#63 C:/Users/jjdd1/Downloads/Canvas-Church/vendor/laravel/framework/src/Illuminate/Pipeline/Pipeline.php(119): Illuminate/Pipeline/Pipeline->Illuminate/Pipeline/{closure}(Object(Illuminate/Http/Request))
#64 C:/Users/jjdd1/Downloads/Canvas-Church/vendor/laravel/framework/src/Illuminate/Foundation/Http/Kernel.php(175): Illuminate/Pipeline/Pipeline->then(Object(Closure))
#65 C:/Users/jjdd1/Downloads/Canvas-Church/vendor/laravel/framework/src/Illuminate/Foundation/Http/Kernel.php(144): Illuminate/Foundation/Http/Kernel->sendRequestThroughRouter(Object(Illuminate/Http/Request))
#66 C:/Users/jjdd1/Downloads/Canvas-Church/public/index.php(51): Illuminate/Foundation/Http/Kernel->handle(Object(Illuminate/Http/Request))
#67 C:/Users/jjdd1/Downloads/Canvas-Church/vendor/laravel/framework/src/Illuminate/Foundation/resources/server.php(16): require_once('C://Users//jjdd1//...')
#68 {main}
"} 
[2026-08-09 07:51:30] local.ERROR: SQLSTATE[42S22]: Column not found: 1054 Unknown column 'celular' in 'field list' (Connection: mysql, SQL: insert into `secretarias` (`nombres`, `apellidos`, `cc`, `celular`, `fecha_nacimiento`, `direccion`, `user_id`, `updated_at`, `created_at`) values (Secretaria, Catrana, 1112036545, 3147078256, 22/10/2010, calle 5 o este, 4, 2026-08-09 07:51:30, 2026-08-09 07:51:30)) {"exception":"[object] (Illuminate\\Database\\QueryException(code: 42S22): SQLSTATE[42S22]: Column not found: 1054 Unknown column 'celular' in 'field list' (Connection: mysql, SQL: insert into `secretarias` (`nombres`, `apellidos`, `cc`, `celular`, `fecha_nacimiento`, `direccion`, `user_id`, `updated_at`, `created_at`) values (Secretaria, Catrana, 1112036545, 3147078256, 22/10/2010, calle 5 o este, 4, 2026-08-09 07:51:30, 2026-08-09 07:51:30)) at C:/Users/jjdd1/Downloads/Canvas-Church/vendor/laravel/framework/src/Illuminate/Database/Connection.php:829)
[stacktrace]
#0 C:/Users/jjdd1/Downloads/Canvas-Church/vendor/laravel/framework/src/Illuminate/Database/Connection.php(783): Illuminate/Database/Connection->runQueryCallback('insert into `se...', Array, Object(Closure))
#1 C:/Users/jjdd1/Downloads/Canvas-Church/vendor/laravel/framework/src/Illuminate/Database/MySqlConnection.php(34): Illuminate/Database/Connection->run('insert into `se...', Array, Object(Closure))
#2 C:/Users/jjdd1/Downloads/Canvas-Church/vendor/laravel/framework/src/Illuminate/Database/Query/Processors/MySqlProcessor.php(35): Illuminate/Database/MySqlConnection->insert('insert into `se...', Array, 'id')
#3 C:/Users/jjdd1/Downloads/Canvas-Church/vendor/laravel/framework/src/Illuminate/Database/Query/Builder.php(3549): Illuminate/Database/Query/Processors/MySqlProcessor->processInsertGetId(Object(Illuminate/Database/Query/Builder), 'insert into `se...', Array, 'id')
#4 C:/Users/jjdd1/Downloads/Canvas-Church/vendor/laravel/framework/src/Illuminate/Database/Eloquent/Builder.php(1982): Illuminate/Database/Query/Builder->insertGetId(Array, 'id')
#5 C:/Users/jjdd1/Downloads/Canvas-Church/vendor/laravel/framework/src/Illuminate/Database/Eloquent/Model.php(1334): Illuminate/Database/Eloquent/Builder->__call('insertGetId', Array)
#6 C:/Users/jjdd1/Downloads/Canvas-Church/vendor/laravel/framework/src/Illuminate/Database/Eloquent/Model.php(1299): Illuminate/Database/Eloquent/Model->insertAndSetId(Object(Illuminate/Database/Eloquent/Builder), Array)
#7 C:/Users/jjdd1/Downloads/Canvas-Church/vendor/laravel/framework/src/Illuminate/Database/Eloquent/Model.php(1138): Illuminate/Database/Eloquent/Model->performInsert(Object(Illuminate/Database/Eloquent/Builder))
#8 C:/Users/jjdd1/Downloads/Canvas-Church/vendor/laravel/framework/src/Illuminate/Database/Eloquent/Builder.php(1025): Illuminate/Database/Eloquent/Model->save()
#9 C:/Users/jjdd1/Downloads/Canvas-Church/vendor/laravel/framework/src/Illuminate/Support/helpers.php(320): Illuminate/Database/Eloquent/Builder->Illuminate/Database/Eloquent/{closure}(Object(App/Models/Secretaria))
#10 C:/Users/jjdd1/Downloads/Canvas-Church/vendor/laravel/framework/src/Illuminate/Database/Eloquent/Builder.php(1024): tap(Object(App/Models/Secretaria), Object(Closure))
#11 C:/Users/jjdd1/Downloads/Canvas-Church/vendor/laravel/framework/src/Illuminate/Support/Traits/ForwardsCalls.php(23): Illuminate/Database/Eloquent/Builder->create(Array)
#12 C:/Users/jjdd1/Downloads/Canvas-Church/vendor/laravel/framework/src/Illuminate/Database/Eloquent/Model.php(2335): Illuminate/Database/Eloquent/Model->forwardCallTo(Object(Illuminate/Database/Eloquent/Builder), 'create', Array)
#13 C:/Users/jjdd1/Downloads/Canvas-Church/vendor/laravel/framework/src/Illuminate/Database/Eloquent/Model.php(2347): Illuminate/Database/Eloquent/Model->__call('create', Array)
#14 C:/Users/jjdd1/Downloads/Canvas-Church/database/seeders/SecretariaSeeder.php(26): Illuminate/Database/Eloquent/Model::__callStatic('create', Array)
#15 C:/Users/jjdd1/Downloads/Canvas-Church/vendor/laravel/framework/src/Illuminate/Container/BoundMethod.php(36): Database/Seeders/SecretariaSeeder->run()
#16 C:/Users/jjdd1/Downloads/Canvas-Church/vendor/laravel/framework/src/Illuminate/Container/Util.php(41): Illuminate/Container/BoundMethod::Illuminate/Container/{closure}()
#17 C:/Users/jjdd1/Downloads/Canvas-Church/vendor/laravel/framework/src/Illuminate/Container/BoundMethod.php(93): Illuminate/Container/Util::unwrapIfClosure(Object(Closure))
#18 C:/Users/jjdd1/Downloads/Canvas-Church/vendor/laravel/framework/src/Illuminate/Container/BoundMethod.php(35): Illuminate/Container/BoundMethod::callBoundMethod(Object(Illuminate/Foundation/Application), Array, Object(Closure))
#19 C:/Users/jjdd1/Downloads/Canvas-Church/vendor/laravel/framework/src/Illuminate/Container/Container.php(662): Illuminate/Container/BoundMethod::call(Object(Illuminate/Foundation/Application), Array, Array, NULL)
#20 C:/Users/jjdd1/Downloads/Canvas-Church/vendor/laravel/framework/src/Illuminate/Database/Seeder.php(184): Illuminate/Container/Container->call(Array, Array)
#21 C:/Users/jjdd1/Downloads/Canvas-Church/vendor/laravel/framework/src/Illuminate/Database/Seeder.php(193): Illuminate/Database/Seeder->Illuminate/Database/{closure}()
#22 C:/Users/jjdd1/Downloads/Canvas-Church/vendor/laravel/framework/src/Illuminate/Database/Seeder.php(61): Illuminate/Database/Seeder->__invoke(Array)
#23 C:/Users/jjdd1/Downloads/Canvas-Church/database/seeders/DatabaseSeeder.php(19): Illuminate/Database/Seeder->call('Database//Seeder...')
#24 C:/Users/jjdd1/Downloads/Canvas-Church/vendor/laravel/framework/src/Illuminate/Container/BoundMethod.php(36): Database/Seeders/DatabaseSeeder->run()
#25 C:/Users/jjdd1/Downloads/Canvas-Church/vendor/laravel/framework/src/Illuminate/Container/Util.php(41): Illuminate/Container/BoundMethod::Illuminate/Container/{closure}()
#26 C:/Users/jjdd1/Downloads/Canvas-Church/vendor/laravel/framework/src/Illuminate/Container/BoundMethod.php(93): Illuminate/Container/Util::unwrapIfClosure(Object(Closure))
#27 C:/Users/jjdd1/Downloads/Canvas-Church/vendor/laravel/framework/src/Illuminate/Container/BoundMethod.php(35): Illuminate/Container/BoundMethod::callBoundMethod(Object(Illuminate/Foundation/Application), Array, Object(Closure))
#28 C:/Users/jjdd1/Downloads/Canvas-Church/vendor/laravel/framework/src/Illuminate/Container/Container.php(662): Illuminate/Container/BoundMethod::call(Object(Illuminate/Foundation/Application), Array, Array, NULL)
#29 C:/Users/jjdd1/Downloads/Canvas-Church/vendor/laravel/framework/src/Illuminate/Database/Seeder.php(184): Illuminate/Container/Container->call(Array, Array)
#30 C:/Users/jjdd1/Downloads/Canvas-Church/vendor/laravel/framework/src/Illuminate/Database/Seeder.php(193): Illuminate/Database/Seeder->Illuminate/Database/{closure}()
#31 C:/Users/jjdd1/Downloads/Canvas-Church/vendor/laravel/framework/src/Illuminate/Database/Console/Seeds/SeedCommand.php(70): Illuminate/Database/Seeder->__invoke()
#32 C:/Users/jjdd1/Downloads/Canvas-Church/vendor/laravel/framework/src/Illuminate/Database/Eloquent/Concerns/GuardsAttributes.php(155): Illuminate/Database/Console/Seeds/SeedCommand->Illuminate/Database/Console/Seeds/{closure}()
#33 C:/Users/jjdd1/Downloads/Canvas-Church/vendor/laravel/framework/src/Illuminate/Database/Console/Seeds/SeedCommand.php(69): Illuminate/Database/Eloquent/Model::unguarded(Object(Closure))
#34 C:/Users/jjdd1/Downloads/Canvas-Church/vendor/laravel/framework/src/Illuminate/Container/BoundMethod.php(36): Illuminate/Database/Console/Seeds/SeedCommand->handle()
#35 C:/Users/jjdd1/Downloads/Canvas-Church/vendor/laravel/framework/src/Illuminate/Container/Util.php(41): Illuminate/Container/BoundMethod::Illuminate/Container/{closure}()
#36 C:/Users/jjdd1/Downloads/Canvas-Church/vendor/laravel/framework/src/Illuminate/Container/BoundMethod.php(93): Illuminate/Container/Util::unwrapIfClosure(Object(Closure))
#37 C:/Users/jjdd1/Downloads/Canvas-Church/vendor/laravel/framework/src/Illuminate/Container/BoundMethod.php(35): Illuminate/Container/BoundMethod::callBoundMethod(Object(Illuminate/Foundation/Application), Array, Object(Closure))
#38 C:/Users/jjdd1/Downloads/Canvas-Church/vendor/laravel/framework/src/Illuminate/Container/Container.php(662): Illuminate/Container/BoundMethod::call(Object(Illuminate/Foundation/Application), Array, Array, NULL)
#39 C:/Users/jjdd1/Downloads/Canvas-Church/vendor/laravel/framework/src/Illuminate/Console/Command.php(211): Illuminate/Container/Container->call(Array)
#40 C:/Users/jjdd1/Downloads/Canvas-Church/vendor/symfony/console/Command/Command.php(326): Illuminate/Console/Command->execute(Object(Symfony/Component/Console/Input/ArrayInput), Object(Illuminate/Console/OutputStyle))
#41 C:/Users/jjdd1/Downloads/Canvas-Church/vendor/laravel/framework/src/Illuminate/Console/Command.php(180): Symfony/Component/Console/Command/Command->run(Object(Symfony/Component/Console/Input/ArrayInput), Object(Illuminate/Console/OutputStyle))
#42 C:/Users/jjdd1/Downloads/Canvas-Church/vendor/laravel/framework/src/Illuminate/Console/Concerns/CallsCommands.php(67): Illuminate/Console/Command->run(Object(Symfony/Component/Console/Input/ArrayInput), Object(Illuminate/Console/OutputStyle))
#43 C:/Users/jjdd1/Downloads/Canvas-Church/vendor/laravel/framework/src/Illuminate/Console/Concerns/CallsCommands.php(28): Illuminate/Console/Command->runCommand('db:seed', Array, Object(Illuminate/Console/OutputStyle))
#44 C:/Users/jjdd1/Downloads/Canvas-Church/vendor/laravel/framework/src/Illuminate/Database/Console/Migrations/FreshCommand.php(93): Illuminate/Console/Command->call('db:seed', Array)
#45 C:/Users/jjdd1/Downloads/Canvas-Church/vendor/laravel/framework/src/Illuminate/Database/Console/Migrations/FreshCommand.php(69): Illuminate/Database/Console/Migrations/FreshCommand->runSeeder(NULL)
#46 C:/Users/jjdd1/Downloads/Canvas-Church/vendor/laravel/framework/src/Illuminate/Container/BoundMethod.php(36): Illuminate/Database/Console/Migrations/FreshCommand->handle()
#47 C:/Users/jjdd1/Downloads/Canvas-Church/vendor/laravel/framework/src/Illuminate/Container/Util.php(41): Illuminate/Container/BoundMethod::Illuminate/Container/{closure}()
#48 C:/Users/jjdd1/Downloads/Canvas-Church/vendor/laravel/framework/src/Illuminate/Container/BoundMethod.php(93): Illuminate/Container/Util::unwrapIfClosure(Object(Closure))
#49 C:/Users/jjdd1/Downloads/Canvas-Church/vendor/laravel/framework/src/Illuminate/Container/BoundMethod.php(35): Illuminate/Container/BoundMethod::callBoundMethod(Object(Illuminate/Foundation/Application), Array, Object(Closure))
#50 C:/Users/jjdd1/Downloads/Canvas-Church/vendor/laravel/framework/src/Illuminate/Container/Container.php(662): Illuminate/Container/BoundMethod::call(Object(Illuminate/Foundation/Application), Array, Array, NULL)
#51 C:/Users/jjdd1/Downloads/Canvas-Church/vendor/laravel/framework/src/Illuminate/Console/Command.php(211): Illuminate/Container/Container->call(Array)
#52 C:/Users/jjdd1/Downloads/Canvas-Church/vendor/symfony/console/Command/Command.php(326): Illuminate/Console/Command->execute(Object(Symfony/Component/Console/Input/ArgvInput), Object(Illuminate/Console/OutputStyle))
#53 C:/Users/jjdd1/Downloads/Canvas-Church/vendor/laravel/framework/src/Illuminate/Console/Command.php(180): Symfony/Component/Console/Command/Command->run(Object(Symfony/Component/Console/Input/ArgvInput), Object(Illuminate/Console/OutputStyle))
#54 C:/Users/jjdd1/Downloads/Canvas-Church/vendor/symfony/console/Application.php(1106): Illuminate/Console/Command->run(Object(Symfony/Component/Console/Input/ArgvInput), Object(Symfony/Component/Console/Output/ConsoleOutput))
#55 C:/Users/jjdd1/Downloads/Canvas-Church/vendor/symfony/console/Application.php(324): Symfony/Component/Console/Application->doRunCommand(Object(Illuminate/Database/Console/Migrations/FreshCommand), Object(Symfony/Component/Console/Input/ArgvInput), Object(Symfony/Component/Console/Output/ConsoleOutput))
#56 C:/Users/jjdd1/Downloads/Canvas-Church/vendor/symfony/console/Application.php(175): Symfony/Component/Console/Application->doRun(Object(Symfony/Component/Console/Input/ArgvInput), Object(Symfony/Component/Console/Output/ConsoleOutput))
#57 C:/Users/jjdd1/Downloads/Canvas-Church/vendor/laravel/framework/src/Illuminate/Foundation/Console/Kernel.php(201): Symfony/Component/Console/Application->run(Object(Symfony/Component/Console/Input/ArgvInput), Object(Symfony/Component/Console/Output/ConsoleOutput))
#58 C:/Users/jjdd1/Downloads/Canvas-Church/artisan(35): Illuminate/Foundation/Console/Kernel->handle(Object(Symfony/Component/Console/Input/ArgvInput), Object(Symfony/Component/Console/Output/ConsoleOutput))
#59 {main}

[previous exception] [object] (PDOException(code: 42S22): SQLSTATE[42S22]: Column not found: 1054 Unknown column 'celular' in 'field list' at C:/Users/jjdd1/Downloads/Canvas-Church/vendor/laravel/framework/src/Illuminate/Database/MySqlConnection.php:39)
[stacktrace]
#0 C:/Users/jjdd1/Downloads/Canvas-Church/vendor/laravel/framework/src/Illuminate/Database/MySqlConnection.php(39): PDO->prepare('insert into `se...')
#1 C:/Users/jjdd1/Downloads/Canvas-Church/vendor/laravel/framework/src/Illuminate/Database/Connection.php(816): Illuminate/Database/MySqlConnection->Illuminate/Database/{closure}('insert into `se...', Array)
#2 C:/Users/jjdd1/Downloads/Canvas-Church/vendor/laravel/framework/src/Illuminate/Database/Connection.php(783): Illuminate/Database/Connection->runQueryCallback('insert into `se...', Array, Object(Closure))
#3 C:/Users/jjdd1/Downloads/Canvas-Church/vendor/laravel/framework/src/Illuminate/Database/MySqlConnection.php(34): Illuminate/Database/Connection->run('insert into `se...', Array, Object(Closure))
#4 C:/Users/jjdd1/Downloads/Canvas-Church/vendor/laravel/framework/src/Illuminate/Database/Query/Processors/MySqlProcessor.php(35): Illuminate/Database/MySqlConnection->insert('insert into `se...', Array, 'id')
#5 C:/Users/jjdd1/Downloads/Canvas-Church/vendor/laravel/framework/src/Illuminate/Database/Query/Builder.php(3549): Illuminate/Database/Query/Processors/MySqlProcessor->processInsertGetId(Object(Illuminate/Database/Query/Builder), 'insert into `se...', Array, 'id')
#6 C:/Users/jjdd1/Downloads/Canvas-Church/vendor/laravel/framework/src/Illuminate/Database/Eloquent/Builder.php(1982): Illuminate/Database/Query/Builder->insertGetId(Array, 'id')
#7 C:/Users/jjdd1/Downloads/Canvas-Church/vendor/laravel/framework/src/Illuminate/Database/Eloquent/Model.php(1334): Illuminate/Database/Eloquent/Builder->__call('insertGetId', Array)
#8 C:/Users/jjdd1/Downloads/Canvas-Church/vendor/laravel/framework/src/Illuminate/Database/Eloquent/Model.php(1299): Illuminate/Database/Eloquent/Model->insertAndSetId(Object(Illuminate/Database/Eloquent/Builder), Array)
#9 C:/Users/jjdd1/Downloads/Canvas-Church/vendor/laravel/framework/src/Illuminate/Database/Eloquent/Model.php(1138): Illuminate/Database/Eloquent/Model->performInsert(Object(Illuminate/Database/Eloquent/Builder))
#10 C:/Users/jjdd1/Downloads/Canvas-Church/vendor/laravel/framework/src/Illuminate/Database/Eloquent/Builder.php(1025): Illuminate/Database/Eloquent/Model->save()
#11 C:/Users/jjdd1/Downloads/Canvas-Church/vendor/laravel/framework/src/Illuminate/Support/helpers.php(320): Illuminate/Database/Eloquent/Builder->Illuminate/Database/Eloquent/{closure}(Object(App/Models/Secretaria))
#12 C:/Users/jjdd1/Downloads/Canvas-Church/vendor/laravel/framework/src/Illuminate/Database/Eloquent/Builder.php(1024): tap(Object(App/Models/Secretaria), Object(Closure))
#13 C:/Users/jjdd1/Downloads/Canvas-Church/vendor/laravel/framework/src/Illuminate/Support/Traits/ForwardsCalls.php(23): Illuminate/Database/Eloquent/Builder->create(Array)
#14 C:/Users/jjdd1/Downloads/Canvas-Church/vendor/laravel/framework/src/Illuminate/Database/Eloquent/Model.php(2335): Illuminate/Database/Eloquent/Model->forwardCallTo(Object(Illuminate/Database/Eloquent/Builder), 'create', Array)
#15 C:/Users/jjdd1/Downloads/Canvas-Church/vendor/laravel/framework/src/Illuminate/Database/Eloquent/Model.php(2347): Illuminate/Database/Eloquent/Model->__call('create', Array)
#16 C:/Users/jjdd1/Downloads/Canvas-Church/database/seeders/SecretariaSeeder.php(26): Illuminate/Database/Eloquent/Model::__callStatic('create', Array)
#17 C:/Users/jjdd1/Downloads/Canvas-Church/vendor/laravel/framework/src/Illuminate/Container/BoundMethod.php(36): Database/Seeders/SecretariaSeeder->run()
#18 C:/Users/jjdd1/Downloads/Canvas-Church/vendor/laravel/framework/src/Illuminate/Container/Util.php(41): Illuminate/Container/BoundMethod::Illuminate/Container/{closure}()
#19 C:/Users/jjdd1/Downloads/Canvas-Church/vendor/laravel/framework/src/Illuminate/Container/BoundMethod.php(93): Illuminate/Container/Util::unwrapIfClosure(Object(Closure))
#20 C:/Users/jjdd1/Downloads/Canvas-Church/vendor/laravel/framework/src/Illuminate/Container/BoundMethod.php(35): Illuminate/Container/BoundMethod::callBoundMethod(Object(Illuminate/Foundation/Application), Array, Object(Closure))
#21 C:/Users/jjdd1/Downloads/Canvas-Church/vendor/laravel/framework/src/Illuminate/Container/Container.php(662): Illuminate/Container/BoundMethod::call(Object(Illuminate/Foundation/Application), Array, Array, NULL)
#22 C:/Users/jjdd1/Downloads/Canvas-Church/vendor/laravel/framework/src/Illuminate/Database/Seeder.php(184): Illuminate/Container/Container->call(Array, Array)
#23 C:/Users/jjdd1/Downloads/Canvas-Church/vendor/laravel/framework/src/Illuminate/Database/Seeder.php(193): Illuminate/Database/Seeder->Illuminate/Database/{closure}()
#24 C:/Users/jjdd1/Downloads/Canvas-Church/vendor/laravel/framework/src/Illuminate/Database/Seeder.php(61): Illuminate/Database/Seeder->__invoke(Array)
#25 C:/Users/jjdd1/Downloads/Canvas-Church/database/seeders/DatabaseSeeder.php(19): Illuminate/Database/Seeder->call('Database//Seeder...')
#26 C:/Users/jjdd1/Downloads/Canvas-Church/vendor/laravel/framework/src/Illuminate/Container/BoundMethod.php(36): Database/Seeders/DatabaseSeeder->run()
#27 C:/Users/jjdd1/Downloads/Canvas-Church/vendor/laravel/framework/src/Illuminate/Container/Util.php(41): Illuminate/Container/BoundMethod::Illuminate/Container/{closure}()
#28 C:/Users/jjdd1/Downloads/Canvas-Church/vendor/laravel/framework/src/Illuminate/Container/BoundMethod.php(93): Illuminate/Container/Util::unwrapIfClosure(Object(Closure))
#29 C:/Users/jjdd1/Downloads/Canvas-Church/vendor/laravel/framework/src/Illuminate/Container/BoundMethod.php(35): Illuminate/Container/BoundMethod::callBoundMethod(Object(Illuminate/Foundation/Application), Array, Object(Closure))
#30 C:/Users/jjdd1/Downloads/Canvas-Church/vendor/laravel/framework/src/Illuminate/Container/Container.php(662): Illuminate/Container/BoundMethod::call(Object(Illuminate/Foundation/Application), Array, Array, NULL)
#31 C:/Users/jjdd1/Downloads/Canvas-Church/vendor/laravel/framework/src/Illuminate/Database/Seeder.php(184): Illuminate/Container/Container->call(Array, Array)
#32 C:/Users/jjdd1/Downloads/Canvas-Church/vendor/laravel/framework/src/Illuminate/Database/Seeder.php(193): Illuminate/Database/Seeder->Illuminate/Database/{closure}()
#33 C:/Users/jjdd1/Downloads/Canvas-Church/vendor/laravel/framework/src/Illuminate/Database/Console/Seeds/SeedCommand.php(70): Illuminate/Database/Seeder->__invoke()
#34 C:/Users/jjdd1/Downloads/Canvas-Church/vendor/laravel/framework/src/Illuminate/Database/Eloquent/Concerns/GuardsAttributes.php(155): Illuminate/Database/Console/Seeds/SeedCommand->Illuminate/Database/Console/Seeds/{closure}()
#35 C:/Users/jjdd1/Downloads/Canvas-Church/vendor/laravel/framework/src/Illuminate/Database/Console/Seeds/SeedCommand.php(69): Illuminate/Database/Eloquent/Model::unguarded(Object(Closure))
#36 C:/Users/jjdd1/Downloads/Canvas-Church/vendor/laravel/framework/src/Illuminate/Container/BoundMethod.php(36): Illuminate/Database/Console/Seeds/SeedCommand->handle()
#37 C:/Users/jjdd1/Downloads/Canvas-Church/vendor/laravel/framework/src/Illuminate/Container/Util.php(41): Illuminate/Container/BoundMethod::Illuminate/Container/{closure}()
#38 C:/Users/jjdd1/Downloads/Canvas-Church/vendor/laravel/framework/src/Illuminate/Container/BoundMethod.php(93): Illuminate/Container/Util::unwrapIfClosure(Object(Closure))
#39 C:/Users/jjdd1/Downloads/Canvas-Church/vendor/laravel/framework/src/Illuminate/Container/BoundMethod.php(35): Illuminate/Container/BoundMethod::callBoundMethod(Object(Illuminate/Foundation/Application), Array, Object(Closure))
#40 C:/Users/jjdd1/Downloads/Canvas-Church/vendor/laravel/framework/src/Illuminate/Container/Container.php(662): Illuminate/Container/BoundMethod::call(Object(Illuminate/Foundation/Application), Array, Array, NULL)
#41 C:/Users/jjdd1/Downloads/Canvas-Church/vendor/laravel/framework/src/Illuminate/Console/Command.php(211): Illuminate/Container/Container->call(Array)
#42 C:/Users/jjdd1/Downloads/Canvas-Church/vendor/symfony/console/Command/Command.php(326): Illuminate/Console/Command->execute(Object(Symfony/Component/Console/Input/ArrayInput), Object(Illuminate/Console/OutputStyle))
#43 C:/Users/jjdd1/Downloads/Canvas-Church/vendor/laravel/framework/src/Illuminate/Console/Command.php(180): Symfony/Component/Console/Command/Command->run(Object(Symfony/Component/Console/Input/ArrayInput), Object(Illuminate/Console/OutputStyle))
#44 C:/Users/jjdd1/Downloads/Canvas-Church/vendor/laravel/framework/src/Illuminate/Console/Concerns/CallsCommands.php(67): Illuminate/Console/Command->run(Object(Symfony/Component/Console/Input/ArrayInput), Object(Illuminate/Console/OutputStyle))
#45 C:/Users/jjdd1/Downloads/Canvas-Church/vendor/laravel/framework/src/Illuminate/Console/Concerns/CallsCommands.php(28): Illuminate/Console/Command->runCommand('db:seed', Array, Object(Illuminate/Console/OutputStyle))
#46 C:/Users/jjdd1/Downloads/Canvas-Church/vendor/laravel/framework/src/Illuminate/Database/Console/Migrations/FreshCommand.php(93): Illuminate/Console/Command->call('db:seed', Array)
#47 C:/Users/jjdd1/Downloads/Canvas-Church/vendor/laravel/framework/src/Illuminate/Database/Console/Migrations/FreshCommand.php(69): Illuminate/Database/Console/Migrations/FreshCommand->runSeeder(NULL)
#48 C:/Users/jjdd1/Downloads/Canvas-Church/vendor/laravel/framework/src/Illuminate/Container/BoundMethod.php(36): Illuminate/Database/Console/Migrations/FreshCommand->handle()
#49 C:/Users/jjdd1/Downloads/Canvas-Church/vendor/laravel/framework/src/Illuminate/Container/Util.php(41): Illuminate/Container/BoundMethod::Illuminate/Container/{closure}()
#50 C:/Users/jjdd1/Downloads/Canvas-Church/vendor/laravel/framework/src/Illuminate/Container/BoundMethod.php(93): Illuminate/Container/Util::unwrapIfClosure(Object(Closure))
#51 C:/Users/jjdd1/Downloads/Canvas-Church/vendor/laravel/framework/src/Illuminate/Container/BoundMethod.php(35): Illuminate/Container/BoundMethod::callBoundMethod(Object(Illuminate/Foundation/Application), Array, Object(Closure))
#52 C:/Users/jjdd1/Downloads/Canvas-Church/vendor/laravel/framework/src/Illuminate/Container/Container.php(662): Illuminate/Container/BoundMethod::call(Object(Illuminate/Foundation/Application), Array, Array, NULL)
#53 C:/Users/jjdd1/Downloads/Canvas-Church/vendor/laravel/framework/src/Illuminate/Console/Command.php(211): Illuminate/Container/Container->call(Array)
#54 C:/Users/jjdd1/Downloads/Canvas-Church/vendor/symfony/console/Command/Command.php(326): Illuminate/Console/Command->execute(Object(Symfony/Component/Console/Input/ArgvInput), Object(Illuminate/Console/OutputStyle))
#55 C:/Users/jjdd1/Downloads/Canvas-Church/vendor/laravel/framework/src/Illuminate/Console/Command.php(180): Symfony/Component/Console/Command/Command->run(Object(Symfony/Component/Console/Input/ArgvInput), Object(Illuminate/Console/OutputStyle))
#56 C:/Users/jjdd1/Downloads/Canvas-Church/vendor/symfony/console/Application.php(1106): Illuminate/Console/Command->run(Object(Symfony/Component/Console/Input/ArgvInput), Object(Symfony/Component/Console/Output/ConsoleOutput))
#57 C:/Users/jjdd1/Downloads/Canvas-Church/vendor/symfony/console/Application.php(324): Symfony/Component/Console/Application->doRunCommand(Object(Illuminate/Database/Console/Migrations/FreshCommand), Object(Symfony/Component/Console/Input/ArgvInput), Object(Symfony/Component/Console/Output/ConsoleOutput))
#58 C:/Users/jjdd1/Downloads/Canvas-Church/vendor/symfony/console/Application.php(175): Symfony/Component/Console/Application->doRun(Object(Symfony/Component/Console/Input/ArgvInput), Object(Symfony/Component/Console/Output/ConsoleOutput))
#59 C:/Users/jjdd1/Downloads/Canvas-Church/vendor/laravel/framework/src/Illuminate/Foundation/Console/Kernel.php(201): Symfony/Component/Console/Application->run(Object(Symfony/Component/Console/Input/ArgvInput), Object(Symfony/Component/Console/Output/ConsoleOutput))
#60 C:/Users/jjdd1/Downloads/Canvas-Church/artisan(35): Illuminate/Foundation/Console/Kernel->handle(Object(Symfony/Component/Console/Input/ArgvInput), Object(Symfony/Component/Console/Output/ConsoleOutput))
#61 {main}
"} 
[2026-08-09 07:57:41] local.ERROR: SQLSTATE[HY000]: General error: 3730 Cannot drop table 'entregas' referenced by a foreign key constraint 'calificacions_entrega_id_foreign' on table 'calificacions'. (Connection: mysql, SQL: drop table if exists `entregas`) {"exception":"[object] (Illuminate\\Database\\QueryException(code: HY000): SQLSTATE[HY000]: General error: 3730 Cannot drop table 'entregas' referenced by a foreign key constraint 'calificacions_entrega_id_foreign' on table 'calificacions'. (Connection: mysql, SQL: drop table if exists `entregas`) at C:/Users/jjdd1/Downloads/Canvas-Church5/vendor/laravel/framework/src/Illuminate/Database/Connection.php:829)
[stacktrace]
#0 C:/Users/jjdd1/Downloads/Canvas-Church5/vendor/laravel/framework/src/Illuminate/Database/Connection.php(783): Illuminate/Database/Connection->runQueryCallback('drop table if e...', Array, Object(Closure))
#1 C:/Users/jjdd1/Downloads/Canvas-Church5/vendor/laravel/framework/src/Illuminate/Database/Connection.php(576): Illuminate/Database/Connection->run('drop table if e...', Array, Object(Closure))
#2 C:/Users/jjdd1/Downloads/Canvas-Church5/vendor/laravel/framework/src/Illuminate/Database/Schema/Blueprint.php(110): Illuminate/Database/Connection->statement('drop table if e...')
#3 C:/Users/jjdd1/Downloads/Canvas-Church5/vendor/laravel/framework/src/Illuminate/Database/Schema/Builder.php(602): Illuminate/Database/Schema/Blueprint->build(Object(Illuminate/Database/MySqlConnection), Object(Illuminate/Database/Schema/Grammars/MySqlGrammar))
#4 C:/Users/jjdd1/Downloads/Canvas-Church5/vendor/laravel/framework/src/Illuminate/Database/Schema/Builder.php(484): Illuminate/Database/Schema/Builder->build(Object(Illuminate/Database/Schema/Blueprint))
#5 C:/Users/jjdd1/Downloads/Canvas-Church5/vendor/laravel/framework/src/Illuminate/Support/Facades/Facade.php(355): Illuminate/Database/Schema/Builder->dropIfExists('entregas')
#6 C:/Users/jjdd1/Downloads/Canvas-Church5/database/migrations/2026_01_14_105349_create_entregas_table.php(28): Illuminate/Support/Facades/Facade::__callStatic('dropIfExists', Array)
#7 C:/Users/jjdd1/Downloads/Canvas-Church5/vendor/laravel/framework/src/Illuminate/Database/Migrations/Migrator.php(501): Illuminate/Database/Migrations/Migration@anonymous->down()
#8 C:/Users/jjdd1/Downloads/Canvas-Church5/vendor/laravel/framework/src/Illuminate/Database/Migrations/Migrator.php(418): Illuminate/Database/Migrations/Migrator->runMethod(Object(Illuminate/Database/MySqlConnection), Object(Illuminate/Database/Migrations/Migration@anonymous), 'down')
#9 C:/Users/jjdd1/Downloads/Canvas-Church5/vendor/laravel/framework/src/Illuminate/Database/Migrations/Migrator.php(427): Illuminate/Database/Migrations/Migrator->Illuminate/Database/Migrations/{closure}()
#10 C:/Users/jjdd1/Downloads/Canvas-Church5/vendor/laravel/framework/src/Illuminate/Database/Migrations/Migrator.php(393): Illuminate/Database/Migrations/Migrator->runMigration(Object(Illuminate/Database/Migrations/Migration@anonymous), 'down')
#11 C:/Users/jjdd1/Downloads/Canvas-Church5/vendor/laravel/framework/src/Illuminate/Console/View/Components/Task.php(37): Illuminate/Database/Migrations/Migrator->Illuminate/Database/Migrations/{closure}()
#12 C:/Users/jjdd1/Downloads/Canvas-Church5/vendor/laravel/framework/src/Illuminate/Database/Migrations/Migrator.php(783): Illuminate/Console/View/Components/Task->render('2026_01_14_1053...', Object(Closure))
#13 C:/Users/jjdd1/Downloads/Canvas-Church5/vendor/laravel/framework/src/Illuminate/Database/Migrations/Migrator.php(393): Illuminate/Database/Migrations/Migrator->write('Illuminate//Cons...', '2026_01_14_1053...', Object(Closure))
#14 C:/Users/jjdd1/Downloads/Canvas-Church5/vendor/laravel/framework/src/Illuminate/Database/Migrations/Migrator.php(312): Illuminate/Database/Migrations/Migrator->runDown('C://Users//jjdd1//...', Object(stdClass), false)
#15 C:/Users/jjdd1/Downloads/Canvas-Church5/vendor/laravel/framework/src/Illuminate/Database/Migrations/Migrator.php(367): Illuminate/Database/Migrations/Migrator->rollbackMigrations(Array, Array, Array)
#16 C:/Users/jjdd1/Downloads/Canvas-Church5/vendor/laravel/framework/src/Illuminate/Database/Migrations/Migrator.php(343): Illuminate/Database/Migrations/Migrator->resetMigrations(Array, Array, false)
#17 C:/Users/jjdd1/Downloads/Canvas-Church5/vendor/laravel/framework/src/Illuminate/Database/Console/Migrations/ResetCommand.php(66): Illuminate/Database/Migrations/Migrator->reset(Array, false)
#18 C:/Users/jjdd1/Downloads/Canvas-Church5/vendor/laravel/framework/src/Illuminate/Database/Migrations/Migrator.php(641): Illuminate/Database/Console/Migrations/ResetCommand->Illuminate/Database/Console/Migrations/{closure}()
#19 C:/Users/jjdd1/Downloads/Canvas-Church5/vendor/laravel/framework/src/Illuminate/Database/Console/Migrations/ResetCommand.php(58): Illuminate/Database/Migrations/Migrator->usingConnection(NULL, Object(Closure))
#20 C:/Users/jjdd1/Downloads/Canvas-Church5/vendor/laravel/framework/src/Illuminate/Container/BoundMethod.php(36): Illuminate/Database/Console/Migrations/ResetCommand->handle()
#21 C:/Users/jjdd1/Downloads/Canvas-Church5/vendor/laravel/framework/src/Illuminate/Container/Util.php(41): Illuminate/Container/BoundMethod::Illuminate/Container/{closure}()
#22 C:/Users/jjdd1/Downloads/Canvas-Church5/vendor/laravel/framework/src/Illuminate/Container/BoundMethod.php(93): Illuminate/Container/Util::unwrapIfClosure(Object(Closure))
#23 C:/Users/jjdd1/Downloads/Canvas-Church5/vendor/laravel/framework/src/Illuminate/Container/BoundMethod.php(35): Illuminate/Container/BoundMethod::callBoundMethod(Object(Illuminate/Foundation/Application), Array, Object(Closure))
#24 C:/Users/jjdd1/Downloads/Canvas-Church5/vendor/laravel/framework/src/Illuminate/Container/Container.php(662): Illuminate/Container/BoundMethod::call(Object(Illuminate/Foundation/Application), Array, Array, NULL)
#25 C:/Users/jjdd1/Downloads/Canvas-Church5/vendor/laravel/framework/src/Illuminate/Console/Command.php(211): Illuminate/Container/Container->call(Array)
#26 C:/Users/jjdd1/Downloads/Canvas-Church5/vendor/symfony/console/Command/Command.php(326): Illuminate/Console/Command->execute(Object(Symfony/Component/Console/Input/ArrayInput), Object(Illuminate/Console/OutputStyle))
#27 C:/Users/jjdd1/Downloads/Canvas-Church5/vendor/laravel/framework/src/Illuminate/Console/Command.php(180): Symfony/Component/Console/Command/Command->run(Object(Symfony/Component/Console/Input/ArrayInput), Object(Illuminate/Console/OutputStyle))
#28 C:/Users/jjdd1/Downloads/Canvas-Church5/vendor/laravel/framework/src/Illuminate/Console/Concerns/CallsCommands.php(67): Illuminate/Console/Command->run(Object(Symfony/Component/Console/Input/ArrayInput), Object(Illuminate/Console/OutputStyle))
#29 C:/Users/jjdd1/Downloads/Canvas-Church5/vendor/laravel/framework/src/Illuminate/Console/Concerns/CallsCommands.php(28): Illuminate/Console/Command->runCommand('migrate:reset', Array, Object(Illuminate/Console/OutputStyle))
#30 C:/Users/jjdd1/Downloads/Canvas-Church5/vendor/laravel/framework/src/Illuminate/Database/Console/Migrations/RefreshCommand.php(109): Illuminate/Console/Command->call('migrate:reset', Array)
#31 C:/Users/jjdd1/Downloads/Canvas-Church5/vendor/laravel/framework/src/Illuminate/Database/Console/Migrations/RefreshCommand.php(55): Illuminate/Database/Console/Migrations/RefreshCommand->runReset(NULL, Array)
#32 C:/Users/jjdd1/Downloads/Canvas-Church5/vendor/laravel/framework/src/Illuminate/Container/BoundMethod.php(36): Illuminate/Database/Console/Migrations/RefreshCommand->handle()
#33 C:/Users/jjdd1/Downloads/Canvas-Church5/vendor/laravel/framework/src/Illuminate/Container/Util.php(41): Illuminate/Container/BoundMethod::Illuminate/Container/{closure}()
#34 C:/Users/jjdd1/Downloads/Canvas-Church5/vendor/laravel/framework/src/Illuminate/Container/BoundMethod.php(93): Illuminate/Container/Util::unwrapIfClosure(Object(Closure))
#35 C:/Users/jjdd1/Downloads/Canvas-Church5/vendor/laravel/framework/src/Illuminate/Container/BoundMethod.php(35): Illuminate/Container/BoundMethod::callBoundMethod(Object(Illuminate/Foundation/Application), Array, Object(Closure))
#36 C:/Users/jjdd1/Downloads/Canvas-Church5/vendor/laravel/framework/src/Illuminate/Container/Container.php(662): Illuminate/Container/BoundMethod::call(Object(Illuminate/Foundation/Application), Array, Array, NULL)
#37 C:/Users/jjdd1/Downloads/Canvas-Church5/vendor/laravel/framework/src/Illuminate/Console/Command.php(211): Illuminate/Container/Container->call(Array)
#38 C:/Users/jjdd1/Downloads/Canvas-Church5/vendor/symfony/console/Command/Command.php(326): Illuminate/Console/Command->execute(Object(Symfony/Component/Console/Input/ArgvInput), Object(Illuminate/Console/OutputStyle))
#39 C:/Users/jjdd1/Downloads/Canvas-Church5/vendor/laravel/framework/src/Illuminate/Console/Command.php(180): Symfony/Component/Console/Command/Command->run(Object(Symfony/Component/Console/Input/ArgvInput), Object(Illuminate/Console/OutputStyle))
#40 C:/Users/jjdd1/Downloads/Canvas-Church5/vendor/symfony/console/Application.php(1106): Illuminate/Console/Command->run(Object(Symfony/Component/Console/Input/ArgvInput), Object(Symfony/Component/Console/Output/ConsoleOutput))
#41 C:/Users/jjdd1/Downloads/Canvas-Church5/vendor/symfony/console/Application.php(324): Symfony/Component/Console/Application->doRunCommand(Object(Illuminate/Database/Console/Migrations/RefreshCommand), Object(Symfony/Component/Console/Input/ArgvInput), Object(Symfony/Component/Console/Output/ConsoleOutput))
#42 C:/Users/jjdd1/Downloads/Canvas-Church5/vendor/symfony/console/Application.php(175): Symfony/Component/Console/Application->doRun(Object(Symfony/Component/Console/Input/ArgvInput), Object(Symfony/Component/Console/Output/ConsoleOutput))
#43 C:/Users/jjdd1/Downloads/Canvas-Church5/vendor/laravel/framework/src/Illuminate/Foundation/Console/Kernel.php(201): Symfony/Component/Console/Application->run(Object(Symfony/Component/Console/Input/ArgvInput), Object(Symfony/Component/Console/Output/ConsoleOutput))
#44 C:/Users/jjdd1/Downloads/Canvas-Church5/artisan(35): Illuminate/Foundation/Console/Kernel->handle(Object(Symfony/Component/Console/Input/ArgvInput), Object(Symfony/Component/Console/Output/ConsoleOutput))
#45 {main}

[previous exception] [object] (PDOException(code: HY000): SQLSTATE[HY000]: General error: 3730 Cannot drop table 'entregas' referenced by a foreign key constraint 'calificacions_entrega_id_foreign' on table 'calificacions'. at C:/Users/jjdd1/Downloads/Canvas-Church5/vendor/laravel/framework/src/Illuminate/Database/Connection.php:587)
[stacktrace]
#0 C:/Users/jjdd1/Downloads/Canvas-Church5/vendor/laravel/framework/src/Illuminate/Database/Connection.php(587): PDOStatement->execute()
#1 C:/Users/jjdd1/Downloads/Canvas-Church5/vendor/laravel/framework/src/Illuminate/Database/Connection.php(816): Illuminate/Database/Connection->Illuminate/Database/{closure}('drop table if e...', Array)
#2 C:/Users/jjdd1/Downloads/Canvas-Church5/vendor/laravel/framework/src/Illuminate/Database/Connection.php(783): Illuminate/Database/Connection->runQueryCallback('drop table if e...', Array, Object(Closure))
#3 C:/Users/jjdd1/Downloads/Canvas-Church5/vendor/laravel/framework/src/Illuminate/Database/Connection.php(576): Illuminate/Database/Connection->run('drop table if e...', Array, Object(Closure))
#4 C:/Users/jjdd1/Downloads/Canvas-Church5/vendor/laravel/framework/src/Illuminate/Database/Schema/Blueprint.php(110): Illuminate/Database/Connection->statement('drop table if e...')
#5 C:/Users/jjdd1/Downloads/Canvas-Church5/vendor/laravel/framework/src/Illuminate/Database/Schema/Builder.php(602): Illuminate/Database/Schema/Blueprint->build(Object(Illuminate/Database/MySqlConnection), Object(Illuminate/Database/Schema/Grammars/MySqlGrammar))
#6 C:/Users/jjdd1/Downloads/Canvas-Church5/vendor/laravel/framework/src/Illuminate/Database/Schema/Builder.php(484): Illuminate/Database/Schema/Builder->build(Object(Illuminate/Database/Schema/Blueprint))
#7 C:/Users/jjdd1/Downloads/Canvas-Church5/vendor/laravel/framework/src/Illuminate/Support/Facades/Facade.php(355): Illuminate/Database/Schema/Builder->dropIfExists('entregas')
#8 C:/Users/jjdd1/Downloads/Canvas-Church5/database/migrations/2026_01_14_105349_create_entregas_table.php(28): Illuminate/Support/Facades/Facade::__callStatic('dropIfExists', Array)
#9 C:/Users/jjdd1/Downloads/Canvas-Church5/vendor/laravel/framework/src/Illuminate/Database/Migrations/Migrator.php(501): Illuminate/Database/Migrations/Migration@anonymous->down()
#10 C:/Users/jjdd1/Downloads/Canvas-Church5/vendor/laravel/framework/src/Illuminate/Database/Migrations/Migrator.php(418): Illuminate/Database/Migrations/Migrator->runMethod(Object(Illuminate/Database/MySqlConnection), Object(Illuminate/Database/Migrations/Migration@anonymous), 'down')
#11 C:/Users/jjdd1/Downloads/Canvas-Church5/vendor/laravel/framework/src/Illuminate/Database/Migrations/Migrator.php(427): Illuminate/Database/Migrations/Migrator->Illuminate/Database/Migrations/{closure}()
#12 C:/Users/jjdd1/Downloads/Canvas-Church5/vendor/laravel/framework/src/Illuminate/Database/Migrations/Migrator.php(393): Illuminate/Database/Migrations/Migrator->runMigration(Object(Illuminate/Database/Migrations/Migration@anonymous), 'down')
#13 C:/Users/jjdd1/Downloads/Canvas-Church5/vendor/laravel/framework/src/Illuminate/Console/View/Components/Task.php(37): Illuminate/Database/Migrations/Migrator->Illuminate/Database/Migrations/{closure}()
#14 C:/Users/jjdd1/Downloads/Canvas-Church5/vendor/laravel/framework/src/Illuminate/Database/Migrations/Migrator.php(783): Illuminate/Console/View/Components/Task->render('2026_01_14_1053...', Object(Closure))
#15 C:/Users/jjdd1/Downloads/Canvas-Church5/vendor/laravel/framework/src/Illuminate/Database/Migrations/Migrator.php(393): Illuminate/Database/Migrations/Migrator->write('Illuminate//Cons...', '2026_01_14_1053...', Object(Closure))
#16 C:/Users/jjdd1/Downloads/Canvas-Church5/vendor/laravel/framework/src/Illuminate/Database/Migrations/Migrator.php(312): Illuminate/Database/Migrations/Migrator->runDown('C://Users//jjdd1//...', Object(stdClass), false)
#17 C:/Users/jjdd1/Downloads/Canvas-Church5/vendor/laravel/framework/src/Illuminate/Database/Migrations/Migrator.php(367): Illuminate/Database/Migrations/Migrator->rollbackMigrations(Array, Array, Array)
#18 C:/Users/jjdd1/Downloads/Canvas-Church5/vendor/laravel/framework/src/Illuminate/Database/Migrations/Migrator.php(343): Illuminate/Database/Migrations/Migrator->resetMigrations(Array, Array, false)
#19 C:/Users/jjdd1/Downloads/Canvas-Church5/vendor/laravel/framework/src/Illuminate/Database/Console/Migrations/ResetCommand.php(66): Illuminate/Database/Migrations/Migrator->reset(Array, false)
#20 C:/Users/jjdd1/Downloads/Canvas-Church5/vendor/laravel/framework/src/Illuminate/Database/Migrations/Migrator.php(641): Illuminate/Database/Console/Migrations/ResetCommand->Illuminate/Database/Console/Migrations/{closure}()
#21 C:/Users/jjdd1/Downloads/Canvas-Church5/vendor/laravel/framework/src/Illuminate/Database/Console/Migrations/ResetCommand.php(58): Illuminate/Database/Migrations/Migrator->usingConnection(NULL, Object(Closure))
#22 C:/Users/jjdd1/Downloads/Canvas-Church5/vendor/laravel/framework/src/Illuminate/Container/BoundMethod.php(36): Illuminate/Database/Console/Migrations/ResetCommand->handle()
#23 C:/Users/jjdd1/Downloads/Canvas-Church5/vendor/laravel/framework/src/Illuminate/Container/Util.php(41): Illuminate/Container/BoundMethod::Illuminate/Container/{closure}()
#24 C:/Users/jjdd1/Downloads/Canvas-Church5/vendor/laravel/framework/src/Illuminate/Container/BoundMethod.php(93): Illuminate/Container/Util::unwrapIfClosure(Object(Closure))
#25 C:/Users/jjdd1/Downloads/Canvas-Church5/vendor/laravel/framework/src/Illuminate/Container/BoundMethod.php(35): Illuminate/Container/BoundMethod::callBoundMethod(Object(Illuminate/Foundation/Application), Array, Object(Closure))
#26 C:/Users/jjdd1/Downloads/Canvas-Church5/vendor/laravel/framework/src/Illuminate/Container/Container.php(662): Illuminate/Container/BoundMethod::call(Object(Illuminate/Foundation/Application), Array, Array, NULL)
#27 C:/Users/jjdd1/Downloads/Canvas-Church5/vendor/laravel/framework/src/Illuminate/Console/Command.php(211): Illuminate/Container/Container->call(Array)
#28 C:/Users/jjdd1/Downloads/Canvas-Church5/vendor/symfony/console/Command/Command.php(326): Illuminate/Console/Command->execute(Object(Symfony/Component/Console/Input/ArrayInput), Object(Illuminate/Console/OutputStyle))
#29 C:/Users/jjdd1/Downloads/Canvas-Church5/vendor/laravel/framework/src/Illuminate/Console/Command.php(180): Symfony/Component/Console/Command/Command->run(Object(Symfony/Component/Console/Input/ArrayInput), Object(Illuminate/Console/OutputStyle))
#30 C:/Users/jjdd1/Downloads/Canvas-Church5/vendor/laravel/framework/src/Illuminate/Console/Concerns/CallsCommands.php(67): Illuminate/Console/Command->run(Object(Symfony/Component/Console/Input/ArrayInput), Object(Illuminate/Console/OutputStyle))
#31 C:/Users/jjdd1/Downloads/Canvas-Church5/vendor/laravel/framework/src/Illuminate/Console/Concerns/CallsCommands.php(28): Illuminate/Console/Command->runCommand('migrate:reset', Array, Object(Illuminate/Console/OutputStyle))
#32 C:/Users/jjdd1/Downloads/Canvas-Church5/vendor/laravel/framework/src/Illuminate/Database/Console/Migrations/RefreshCommand.php(109): Illuminate/Console/Command->call('migrate:reset', Array)
#33 C:/Users/jjdd1/Downloads/Canvas-Church5/vendor/laravel/framework/src/Illuminate/Database/Console/Migrations/RefreshCommand.php(55): Illuminate/Database/Console/Migrations/RefreshCommand->runReset(NULL, Array)
#34 C:/Users/jjdd1/Downloads/Canvas-Church5/vendor/laravel/framework/src/Illuminate/Container/BoundMethod.php(36): Illuminate/Database/Console/Migrations/RefreshCommand->handle()
#35 C:/Users/jjdd1/Downloads/Canvas-Church5/vendor/laravel/framework/src/Illuminate/Container/Util.php(41): Illuminate/Container/BoundMethod::Illuminate/Container/{closure}()
#36 C:/Users/jjdd1/Downloads/Canvas-Church5/vendor/laravel/framework/src/Illuminate/Container/BoundMethod.php(93): Illuminate/Container/Util::unwrapIfClosure(Object(Closure))
#37 C:/Users/jjdd1/Downloads/Canvas-Church5/vendor/laravel/framework/src/Illuminate/Container/BoundMethod.php(35): Illuminate/Container/BoundMethod::callBoundMethod(Object(Illuminate/Foundation/Application), Array, Object(Closure))
#38 C:/Users/jjdd1/Downloads/Canvas-Church5/vendor/laravel/framework/src/Illuminate/Container/Container.php(662): Illuminate/Container/BoundMethod::call(Object(Illuminate/Foundation/Application), Array, Array, NULL)
#39 C:/Users/jjdd1/Downloads/Canvas-Church5/vendor/laravel/framework/src/Illuminate/Console/Command.php(211): Illuminate/Container/Container->call(Array)
#40 C:/Users/jjdd1/Downloads/Canvas-Church5/vendor/symfony/console/Command/Command.php(326): Illuminate/Console/Command->execute(Object(Symfony/Component/Console/Input/ArgvInput), Object(Illuminate/Console/OutputStyle))
#41 C:/Users/jjdd1/Downloads/Canvas-Church5/vendor/laravel/framework/src/Illuminate/Console/Command.php(180): Symfony/Component/Console/Command/Command->run(Object(Symfony/Component/Console/Input/ArgvInput), Object(Illuminate/Console/OutputStyle))
#42 C:/Users/jjdd1/Downloads/Canvas-Church5/vendor/symfony/console/Application.php(1106): Illuminate/Console/Command->run(Object(Symfony/Component/Console/Input/ArgvInput), Object(Symfony/Component/Console/Output/ConsoleOutput))
#43 C:/Users/jjdd1/Downloads/Canvas-Church5/vendor/symfony/console/Application.php(324): Symfony/Component/Console/Application->doRunCommand(Object(Illuminate/Database/Console/Migrations/RefreshCommand), Object(Symfony/Component/Console/Input/ArgvInput), Object(Symfony/Component/Console/Output/ConsoleOutput))
#44 C:/Users/jjdd1/Downloads/Canvas-Church5/vendor/symfony/console/Application.php(175): Symfony/Component/Console/Application->doRun(Object(Symfony/Component/Console/Input/ArgvInput), Object(Symfony/Component/Console/Output/ConsoleOutput))
#45 C:/Users/jjdd1/Downloads/Canvas-Church5/vendor/laravel/framework/src/Illuminate/Foundation/Console/Kernel.php(201): Symfony/Component/Console/Application->run(Object(Symfony/Component/Console/Input/ArgvInput), Object(Symfony/Component/Console/Output/ConsoleOutput))
#46 C:/Users/jjdd1/Downloads/Canvas-Church5/artisan(35): Illuminate/Foundation/Console/Kernel->handle(Object(Symfony/Component/Console/Input/ArgvInput), Object(Symfony/Component/Console/Output/ConsoleOutput))
#47 {main}
"} 
[2026-08-09 07:58:06] local.ERROR: SQLSTATE[42S22]: Column not found: 1054 Unknown column 'celular' in 'field list' (Connection: mysql, SQL: insert into `secretarias` (`nombres`, `apellidos`, `cc`, `celular`, `fecha_nacimiento`, `direccion`, `user_id`, `updated_at`, `created_at`) values (Secretaria, Catrana, 1112036545, 3147078256, 22/10/2010, calle 5 o este, 4, 2026-08-09 07:58:06, 2026-08-09 07:58:06)) {"exception":"[object] (Illuminate\\Database\\QueryException(code: 42S22): SQLSTATE[42S22]: Column not found: 1054 Unknown column 'celular' in 'field list' (Connection: mysql, SQL: insert into `secretarias` (`nombres`, `apellidos`, `cc`, `celular`, `fecha_nacimiento`, `direccion`, `user_id`, `updated_at`, `created_at`) values (Secretaria, Catrana, 1112036545, 3147078256, 22/10/2010, calle 5 o este, 4, 2026-08-09 07:58:06, 2026-08-09 07:58:06)) at C:/Users/jjdd1/Downloads/Canvas-Church5/vendor/laravel/framework/src/Illuminate/Database/Connection.php:829)
[stacktrace]
#0 C:/Users/jjdd1/Downloads/Canvas-Church5/vendor/laravel/framework/src/Illuminate/Database/Connection.php(783): Illuminate/Database/Connection->runQueryCallback('insert into `se...', Array, Object(Closure))
#1 C:/Users/jjdd1/Downloads/Canvas-Church5/vendor/laravel/framework/src/Illuminate/Database/MySqlConnection.php(34): Illuminate/Database/Connection->run('insert into `se...', Array, Object(Closure))
#2 C:/Users/jjdd1/Downloads/Canvas-Church5/vendor/laravel/framework/src/Illuminate/Database/Query/Processors/MySqlProcessor.php(35): Illuminate/Database/MySqlConnection->insert('insert into `se...', Array, 'id')
#3 C:/Users/jjdd1/Downloads/Canvas-Church5/vendor/laravel/framework/src/Illuminate/Database/Query/Builder.php(3549): Illuminate/Database/Query/Processors/MySqlProcessor->processInsertGetId(Object(Illuminate/Database/Query/Builder), 'insert into `se...', Array, 'id')
#4 C:/Users/jjdd1/Downloads/Canvas-Church5/vendor/laravel/framework/src/Illuminate/Database/Eloquent/Builder.php(1982): Illuminate/Database/Query/Builder->insertGetId(Array, 'id')
#5 C:/Users/jjdd1/Downloads/Canvas-Church5/vendor/laravel/framework/src/Illuminate/Database/Eloquent/Model.php(1334): Illuminate/Database/Eloquent/Builder->__call('insertGetId', Array)
#6 C:/Users/jjdd1/Downloads/Canvas-Church5/vendor/laravel/framework/src/Illuminate/Database/Eloquent/Model.php(1299): Illuminate/Database/Eloquent/Model->insertAndSetId(Object(Illuminate/Database/Eloquent/Builder), Array)
#7 C:/Users/jjdd1/Downloads/Canvas-Church5/vendor/laravel/framework/src/Illuminate/Database/Eloquent/Model.php(1138): Illuminate/Database/Eloquent/Model->performInsert(Object(Illuminate/Database/Eloquent/Builder))
#8 C:/Users/jjdd1/Downloads/Canvas-Church5/vendor/laravel/framework/src/Illuminate/Database/Eloquent/Builder.php(1025): Illuminate/Database/Eloquent/Model->save()
#9 C:/Users/jjdd1/Downloads/Canvas-Church5/vendor/laravel/framework/src/Illuminate/Support/helpers.php(320): Illuminate/Database/Eloquent/Builder->Illuminate/Database/Eloquent/{closure}(Object(App/Models/Secretaria))
#10 C:/Users/jjdd1/Downloads/Canvas-Church5/vendor/laravel/framework/src/Illuminate/Database/Eloquent/Builder.php(1024): tap(Object(App/Models/Secretaria), Object(Closure))
#11 C:/Users/jjdd1/Downloads/Canvas-Church5/vendor/laravel/framework/src/Illuminate/Support/Traits/ForwardsCalls.php(23): Illuminate/Database/Eloquent/Builder->create(Array)
#12 C:/Users/jjdd1/Downloads/Canvas-Church5/vendor/laravel/framework/src/Illuminate/Database/Eloquent/Model.php(2335): Illuminate/Database/Eloquent/Model->forwardCallTo(Object(Illuminate/Database/Eloquent/Builder), 'create', Array)
#13 C:/Users/jjdd1/Downloads/Canvas-Church5/vendor/laravel/framework/src/Illuminate/Database/Eloquent/Model.php(2347): Illuminate/Database/Eloquent/Model->__call('create', Array)
#14 C:/Users/jjdd1/Downloads/Canvas-Church5/database/seeders/SecretariaSeeder.php(26): Illuminate/Database/Eloquent/Model::__callStatic('create', Array)
#15 C:/Users/jjdd1/Downloads/Canvas-Church5/vendor/laravel/framework/src/Illuminate/Container/BoundMethod.php(36): Database/Seeders/SecretariaSeeder->run()
#16 C:/Users/jjdd1/Downloads/Canvas-Church5/vendor/laravel/framework/src/Illuminate/Container/Util.php(41): Illuminate/Container/BoundMethod::Illuminate/Container/{closure}()
#17 C:/Users/jjdd1/Downloads/Canvas-Church5/vendor/laravel/framework/src/Illuminate/Container/BoundMethod.php(93): Illuminate/Container/Util::unwrapIfClosure(Object(Closure))
#18 C:/Users/jjdd1/Downloads/Canvas-Church5/vendor/laravel/framework/src/Illuminate/Container/BoundMethod.php(35): Illuminate/Container/BoundMethod::callBoundMethod(Object(Illuminate/Foundation/Application), Array, Object(Closure))
#19 C:/Users/jjdd1/Downloads/Canvas-Church5/vendor/laravel/framework/src/Illuminate/Container/Container.php(662): Illuminate/Container/BoundMethod::call(Object(Illuminate/Foundation/Application), Array, Array, NULL)
#20 C:/Users/jjdd1/Downloads/Canvas-Church5/vendor/laravel/framework/src/Illuminate/Database/Seeder.php(184): Illuminate/Container/Container->call(Array, Array)
#21 C:/Users/jjdd1/Downloads/Canvas-Church5/vendor/laravel/framework/src/Illuminate/Database/Seeder.php(193): Illuminate/Database/Seeder->Illuminate/Database/{closure}()
#22 C:/Users/jjdd1/Downloads/Canvas-Church5/vendor/laravel/framework/src/Illuminate/Database/Seeder.php(61): Illuminate/Database/Seeder->__invoke(Array)
#23 C:/Users/jjdd1/Downloads/Canvas-Church5/database/seeders/DatabaseSeeder.php(19): Illuminate/Database/Seeder->call('Database//Seeder...')
#24 C:/Users/jjdd1/Downloads/Canvas-Church5/vendor/laravel/framework/src/Illuminate/Container/BoundMethod.php(36): Database/Seeders/DatabaseSeeder->run()
#25 C:/Users/jjdd1/Downloads/Canvas-Church5/vendor/laravel/framework/src/Illuminate/Container/Util.php(41): Illuminate/Container/BoundMethod::Illuminate/Container/{closure}()
#26 C:/Users/jjdd1/Downloads/Canvas-Church5/vendor/laravel/framework/src/Illuminate/Container/BoundMethod.php(93): Illuminate/Container/Util::unwrapIfClosure(Object(Closure))
#27 C:/Users/jjdd1/Downloads/Canvas-Church5/vendor/laravel/framework/src/Illuminate/Container/BoundMethod.php(35): Illuminate/Container/BoundMethod::callBoundMethod(Object(Illuminate/Foundation/Application), Array, Object(Closure))
#28 C:/Users/jjdd1/Downloads/Canvas-Church5/vendor/laravel/framework/src/Illuminate/Container/Container.php(662): Illuminate/Container/BoundMethod::call(Object(Illuminate/Foundation/Application), Array, Array, NULL)
#29 C:/Users/jjdd1/Downloads/Canvas-Church5/vendor/laravel/framework/src/Illuminate/Database/Seeder.php(184): Illuminate/Container/Container->call(Array, Array)
#30 C:/Users/jjdd1/Downloads/Canvas-Church5/vendor/laravel/framework/src/Illuminate/Database/Seeder.php(193): Illuminate/Database/Seeder->Illuminate/Database/{closure}()
#31 C:/Users/jjdd1/Downloads/Canvas-Church5/vendor/laravel/framework/src/Illuminate/Database/Console/Seeds/SeedCommand.php(70): Illuminate/Database/Seeder->__invoke()
#32 C:/Users/jjdd1/Downloads/Canvas-Church5/vendor/laravel/framework/src/Illuminate/Database/Eloquent/Concerns/GuardsAttributes.php(155): Illuminate/Database/Console/Seeds/SeedCommand->Illuminate/Database/Console/Seeds/{closure}()
#33 C:/Users/jjdd1/Downloads/Canvas-Church5/vendor/laravel/framework/src/Illuminate/Database/Console/Seeds/SeedCommand.php(69): Illuminate/Database/Eloquent/Model::unguarded(Object(Closure))
#34 C:/Users/jjdd1/Downloads/Canvas-Church5/vendor/laravel/framework/src/Illuminate/Container/BoundMethod.php(36): Illuminate/Database/Console/Seeds/SeedCommand->handle()
#35 C:/Users/jjdd1/Downloads/Canvas-Church5/vendor/laravel/framework/src/Illuminate/Container/Util.php(41): Illuminate/Container/BoundMethod::Illuminate/Container/{closure}()
#36 C:/Users/jjdd1/Downloads/Canvas-Church5/vendor/laravel/framework/src/Illuminate/Container/BoundMethod.php(93): Illuminate/Container/Util::unwrapIfClosure(Object(Closure))
#37 C:/Users/jjdd1/Downloads/Canvas-Church5/vendor/laravel/framework/src/Illuminate/Container/BoundMethod.php(35): Illuminate/Container/BoundMethod::callBoundMethod(Object(Illuminate/Foundation/Application), Array, Object(Closure))
#38 C:/Users/jjdd1/Downloads/Canvas-Church5/vendor/laravel/framework/src/Illuminate/Container/Container.php(662): Illuminate/Container/BoundMethod::call(Object(Illuminate/Foundation/Application), Array, Array, NULL)
#39 C:/Users/jjdd1/Downloads/Canvas-Church5/vendor/laravel/framework/src/Illuminate/Console/Command.php(211): Illuminate/Container/Container->call(Array)
#40 C:/Users/jjdd1/Downloads/Canvas-Church5/vendor/symfony/console/Command/Command.php(326): Illuminate/Console/Command->execute(Object(Symfony/Component/Console/Input/ArrayInput), Object(Illuminate/Console/OutputStyle))
#41 C:/Users/jjdd1/Downloads/Canvas-Church5/vendor/laravel/framework/src/Illuminate/Console/Command.php(180): Symfony/Component/Console/Command/Command->run(Object(Symfony/Component/Console/Input/ArrayInput), Object(Illuminate/Console/OutputStyle))
#42 C:/Users/jjdd1/Downloads/Canvas-Church5/vendor/laravel/framework/src/Illuminate/Console/Concerns/CallsCommands.php(67): Illuminate/Console/Command->run(Object(Symfony/Component/Console/Input/ArrayInput), Object(Illuminate/Console/OutputStyle))
#43 C:/Users/jjdd1/Downloads/Canvas-Church5/vendor/laravel/framework/src/Illuminate/Console/Concerns/CallsCommands.php(28): Illuminate/Console/Command->runCommand('db:seed', Array, Object(Illuminate/Console/OutputStyle))
#44 C:/Users/jjdd1/Downloads/Canvas-Church5/vendor/laravel/framework/src/Illuminate/Database/Console/Migrations/FreshCommand.php(93): Illuminate/Console/Command->call('db:seed', Array)
#45 C:/Users/jjdd1/Downloads/Canvas-Church5/vendor/laravel/framework/src/Illuminate/Database/Console/Migrations/FreshCommand.php(69): Illuminate/Database/Console/Migrations/FreshCommand->runSeeder(NULL)
#46 C:/Users/jjdd1/Downloads/Canvas-Church5/vendor/laravel/framework/src/Illuminate/Container/BoundMethod.php(36): Illuminate/Database/Console/Migrations/FreshCommand->handle()
#47 C:/Users/jjdd1/Downloads/Canvas-Church5/vendor/laravel/framework/src/Illuminate/Container/Util.php(41): Illuminate/Container/BoundMethod::Illuminate/Container/{closure}()
#48 C:/Users/jjdd1/Downloads/Canvas-Church5/vendor/laravel/framework/src/Illuminate/Container/BoundMethod.php(93): Illuminate/Container/Util::unwrapIfClosure(Object(Closure))
#49 C:/Users/jjdd1/Downloads/Canvas-Church5/vendor/laravel/framework/src/Illuminate/Container/BoundMethod.php(35): Illuminate/Container/BoundMethod::callBoundMethod(Object(Illuminate/Foundation/Application), Array, Object(Closure))
#50 C:/Users/jjdd1/Downloads/Canvas-Church5/vendor/laravel/framework/src/Illuminate/Container/Container.php(662): Illuminate/Container/BoundMethod::call(Object(Illuminate/Foundation/Application), Array, Array, NULL)
#51 C:/Users/jjdd1/Downloads/Canvas-Church5/vendor/laravel/framework/src/Illuminate/Console/Command.php(211): Illuminate/Container/Container->call(Array)
#52 C:/Users/jjdd1/Downloads/Canvas-Church5/vendor/symfony/console/Command/Command.php(326): Illuminate/Console/Command->execute(Object(Symfony/Component/Console/Input/ArgvInput), Object(Illuminate/Console/OutputStyle))
#53 C:/Users/jjdd1/Downloads/Canvas-Church5/vendor/laravel/framework/src/Illuminate/Console/Command.php(180): Symfony/Component/Console/Command/Command->run(Object(Symfony/Component/Console/Input/ArgvInput), Object(Illuminate/Console/OutputStyle))
#54 C:/Users/jjdd1/Downloads/Canvas-Church5/vendor/symfony/console/Application.php(1106): Illuminate/Console/Command->run(Object(Symfony/Component/Console/Input/ArgvInput), Object(Symfony/Component/Console/Output/ConsoleOutput))
#55 C:/Users/jjdd1/Downloads/Canvas-Church5/vendor/symfony/console/Application.php(324): Symfony/Component/Console/Application->doRunCommand(Object(Illuminate/Database/Console/Migrations/FreshCommand), Object(Symfony/Component/Console/Input/ArgvInput), Object(Symfony/Component/Console/Output/ConsoleOutput))
#56 C:/Users/jjdd1/Downloads/Canvas-Church5/vendor/symfony/console/Application.php(175): Symfony/Component/Console/Application->doRun(Object(Symfony/Component/Console/Input/ArgvInput), Object(Symfony/Component/Console/Output/ConsoleOutput))
#57 C:/Users/jjdd1/Downloads/Canvas-Church5/vendor/laravel/framework/src/Illuminate/Foundation/Console/Kernel.php(201): Symfony/Component/Console/Application->run(Object(Symfony/Component/Console/Input/ArgvInput), Object(Symfony/Component/Console/Output/ConsoleOutput))
#58 C:/Users/jjdd1/Downloads/Canvas-Church5/artisan(35): Illuminate/Foundation/Console/Kernel->handle(Object(Symfony/Component/Console/Input/ArgvInput), Object(Symfony/Component/Console/Output/ConsoleOutput))
#59 {main}

[previous exception] [object] (PDOException(code: 42S22): SQLSTATE[42S22]: Column not found: 1054 Unknown column 'celular' in 'field list' at C:/Users/jjdd1/Downloads/Canvas-Church5/vendor/laravel/framework/src/Illuminate/Database/MySqlConnection.php:39)
[stacktrace]
#0 C:/Users/jjdd1/Downloads/Canvas-Church5/vendor/laravel/framework/src/Illuminate/Database/MySqlConnection.php(39): PDO->prepare('insert into `se...')
#1 C:/Users/jjdd1/Downloads/Canvas-Church5/vendor/laravel/framework/src/Illuminate/Database/Connection.php(816): Illuminate/Database/MySqlConnection->Illuminate/Database/{closure}('insert into `se...', Array)
#2 C:/Users/jjdd1/Downloads/Canvas-Church5/vendor/laravel/framework/src/Illuminate/Database/Connection.php(783): Illuminate/Database/Connection->runQueryCallback('insert into `se...', Array, Object(Closure))
#3 C:/Users/jjdd1/Downloads/Canvas-Church5/vendor/laravel/framework/src/Illuminate/Database/MySqlConnection.php(34): Illuminate/Database/Connection->run('insert into `se...', Array, Object(Closure))
#4 C:/Users/jjdd1/Downloads/Canvas-Church5/vendor/laravel/framework/src/Illuminate/Database/Query/Processors/MySqlProcessor.php(35): Illuminate/Database/MySqlConnection->insert('insert into `se...', Array, 'id')
#5 C:/Users/jjdd1/Downloads/Canvas-Church5/vendor/laravel/framework/src/Illuminate/Database/Query/Builder.php(3549): Illuminate/Database/Query/Processors/MySqlProcessor->processInsertGetId(Object(Illuminate/Database/Query/Builder), 'insert into `se...', Array, 'id')
#6 C:/Users/jjdd1/Downloads/Canvas-Church5/vendor/laravel/framework/src/Illuminate/Database/Eloquent/Builder.php(1982): Illuminate/Database/Query/Builder->insertGetId(Array, 'id')
#7 C:/Users/jjdd1/Downloads/Canvas-Church5/vendor/laravel/framework/src/Illuminate/Database/Eloquent/Model.php(1334): Illuminate/Database/Eloquent/Builder->__call('insertGetId', Array)
#8 C:/Users/jjdd1/Downloads/Canvas-Church5/vendor/laravel/framework/src/Illuminate/Database/Eloquent/Model.php(1299): Illuminate/Database/Eloquent/Model->insertAndSetId(Object(Illuminate/Database/Eloquent/Builder), Array)
#9 C:/Users/jjdd1/Downloads/Canvas-Church5/vendor/laravel/framework/src/Illuminate/Database/Eloquent/Model.php(1138): Illuminate/Database/Eloquent/Model->performInsert(Object(Illuminate/Database/Eloquent/Builder))
#10 C:/Users/jjdd1/Downloads/Canvas-Church5/vendor/laravel/framework/src/Illuminate/Database/Eloquent/Builder.php(1025): Illuminate/Database/Eloquent/Model->save()
#11 C:/Users/jjdd1/Downloads/Canvas-Church5/vendor/laravel/framework/src/Illuminate/Support/helpers.php(320): Illuminate/Database/Eloquent/Builder->Illuminate/Database/Eloquent/{closure}(Object(App/Models/Secretaria))
#12 C:/Users/jjdd1/Downloads/Canvas-Church5/vendor/laravel/framework/src/Illuminate/Database/Eloquent/Builder.php(1024): tap(Object(App/Models/Secretaria), Object(Closure))
#13 C:/Users/jjdd1/Downloads/Canvas-Church5/vendor/laravel/framework/src/Illuminate/Support/Traits/ForwardsCalls.php(23): Illuminate/Database/Eloquent/Builder->create(Array)
#14 C:/Users/jjdd1/Downloads/Canvas-Church5/vendor/laravel/framework/src/Illuminate/Database/Eloquent/Model.php(2335): Illuminate/Database/Eloquent/Model->forwardCallTo(Object(Illuminate/Database/Eloquent/Builder), 'create', Array)
#15 C:/Users/jjdd1/Downloads/Canvas-Church5/vendor/laravel/framework/src/Illuminate/Database/Eloquent/Model.php(2347): Illuminate/Database/Eloquent/Model->__call('create', Array)
#16 C:/Users/jjdd1/Downloads/Canvas-Church5/database/seeders/SecretariaSeeder.php(26): Illuminate/Database/Eloquent/Model::__callStatic('create', Array)
#17 C:/Users/jjdd1/Downloads/Canvas-Church5/vendor/laravel/framework/src/Illuminate/Container/BoundMethod.php(36): Database/Seeders/SecretariaSeeder->run()
#18 C:/Users/jjdd1/Downloads/Canvas-Church5/vendor/laravel/framework/src/Illuminate/Container/Util.php(41): Illuminate/Container/BoundMethod::Illuminate/Container/{closure}()
#19 C:/Users/jjdd1/Downloads/Canvas-Church5/vendor/laravel/framework/src/Illuminate/Container/BoundMethod.php(93): Illuminate/Container/Util::unwrapIfClosure(Object(Closure))
#20 C:/Users/jjdd1/Downloads/Canvas-Church5/vendor/laravel/framework/src/Illuminate/Container/BoundMethod.php(35): Illuminate/Container/BoundMethod::callBoundMethod(Object(Illuminate/Foundation/Application), Array, Object(Closure))
#21 C:/Users/jjdd1/Downloads/Canvas-Church5/vendor/laravel/framework/src/Illuminate/Container/Container.php(662): Illuminate/Container/BoundMethod::call(Object(Illuminate/Foundation/Application), Array, Array, NULL)
#22 C:/Users/jjdd1/Downloads/Canvas-Church5/vendor/laravel/framework/src/Illuminate/Database/Seeder.php(184): Illuminate/Container/Container->call(Array, Array)
#23 C:/Users/jjdd1/Downloads/Canvas-Church5/vendor/laravel/framework/src/Illuminate/Database/Seeder.php(193): Illuminate/Database/Seeder->Illuminate/Database/{closure}()
#24 C:/Users/jjdd1/Downloads/Canvas-Church5/vendor/laravel/framework/src/Illuminate/Database/Seeder.php(61): Illuminate/Database/Seeder->__invoke(Array)
#25 C:/Users/jjdd1/Downloads/Canvas-Church5/database/seeders/DatabaseSeeder.php(19): Illuminate/Database/Seeder->call('Database//Seeder...')
#26 C:/Users/jjdd1/Downloads/Canvas-Church5/vendor/laravel/framework/src/Illuminate/Container/BoundMethod.php(36): Database/Seeders/DatabaseSeeder->run()
#27 C:/Users/jjdd1/Downloads/Canvas-Church5/vendor/laravel/framework/src/Illuminate/Container/Util.php(41): Illuminate/Container/BoundMethod::Illuminate/Container/{closure}()
#28 C:/Users/jjdd1/Downloads/Canvas-Church5/vendor/laravel/framework/src/Illuminate/Container/BoundMethod.php(93): Illuminate/Container/Util::unwrapIfClosure(Object(Closure))
#29 C:/Users/jjdd1/Downloads/Canvas-Church5/vendor/laravel/framework/src/Illuminate/Container/BoundMethod.php(35): Illuminate/Container/BoundMethod::callBoundMethod(Object(Illuminate/Foundation/Application), Array, Object(Closure))
#30 C:/Users/jjdd1/Downloads/Canvas-Church5/vendor/laravel/framework/src/Illuminate/Container/Container.php(662): Illuminate/Container/BoundMethod::call(Object(Illuminate/Foundation/Application), Array, Array, NULL)
#31 C:/Users/jjdd1/Downloads/Canvas-Church5/vendor/laravel/framework/src/Illuminate/Database/Seeder.php(184): Illuminate/Container/Container->call(Array, Array)
#32 C:/Users/jjdd1/Downloads/Canvas-Church5/vendor/laravel/framework/src/Illuminate/Database/Seeder.php(193): Illuminate/Database/Seeder->Illuminate/Database/{closure}()
#33 C:/Users/jjdd1/Downloads/Canvas-Church5/vendor/laravel/framework/src/Illuminate/Database/Console/Seeds/SeedCommand.php(70): Illuminate/Database/Seeder->__invoke()
#34 C:/Users/jjdd1/Downloads/Canvas-Church5/vendor/laravel/framework/src/Illuminate/Database/Eloquent/Concerns/GuardsAttributes.php(155): Illuminate/Database/Console/Seeds/SeedCommand->Illuminate/Database/Console/Seeds/{closure}()
#35 C:/Users/jjdd1/Downloads/Canvas-Church5/vendor/laravel/framework/src/Illuminate/Database/Console/Seeds/SeedCommand.php(69): Illuminate/Database/Eloquent/Model::unguarded(Object(Closure))
#36 C:/Users/jjdd1/Downloads/Canvas-Church5/vendor/laravel/framework/src/Illuminate/Container/BoundMethod.php(36): Illuminate/Database/Console/Seeds/SeedCommand->handle()
#37 C:/Users/jjdd1/Downloads/Canvas-Church5/vendor/laravel/framework/src/Illuminate/Container/Util.php(41): Illuminate/Container/BoundMethod::Illuminate/Container/{closure}()
#38 C:/Users/jjdd1/Downloads/Canvas-Church5/vendor/laravel/framework/src/Illuminate/Container/BoundMethod.php(93): Illuminate/Container/Util::unwrapIfClosure(Object(Closure))
#39 C:/Users/jjdd1/Downloads/Canvas-Church5/vendor/laravel/framework/src/Illuminate/Container/BoundMethod.php(35): Illuminate/Container/BoundMethod::callBoundMethod(Object(Illuminate/Foundation/Application), Array, Object(Closure))
#40 C:/Users/jjdd1/Downloads/Canvas-Church5/vendor/laravel/framework/src/Illuminate/Container/Container.php(662): Illuminate/Container/BoundMethod::call(Object(Illuminate/Foundation/Application), Array, Array, NULL)
#41 C:/Users/jjdd1/Downloads/Canvas-Church5/vendor/laravel/framework/src/Illuminate/Console/Command.php(211): Illuminate/Container/Container->call(Array)
#42 C:/Users/jjdd1/Downloads/Canvas-Church5/vendor/symfony/console/Command/Command.php(326): Illuminate/Console/Command->execute(Object(Symfony/Component/Console/Input/ArrayInput), Object(Illuminate/Console/OutputStyle))
#43 C:/Users/jjdd1/Downloads/Canvas-Church5/vendor/laravel/framework/src/Illuminate/Console/Command.php(180): Symfony/Component/Console/Command/Command->run(Object(Symfony/Component/Console/Input/ArrayInput), Object(Illuminate/Console/OutputStyle))
#44 C:/Users/jjdd1/Downloads/Canvas-Church5/vendor/laravel/framework/src/Illuminate/Console/Concerns/CallsCommands.php(67): Illuminate/Console/Command->run(Object(Symfony/Component/Console/Input/ArrayInput), Object(Illuminate/Console/OutputStyle))
#45 C:/Users/jjdd1/Downloads/Canvas-Church5/vendor/laravel/framework/src/Illuminate/Console/Concerns/CallsCommands.php(28): Illuminate/Console/Command->runCommand('db:seed', Array, Object(Illuminate/Console/OutputStyle))
#46 C:/Users/jjdd1/Downloads/Canvas-Church5/vendor/laravel/framework/src/Illuminate/Database/Console/Migrations/FreshCommand.php(93): Illuminate/Console/Command->call('db:seed', Array)
#47 C:/Users/jjdd1/Downloads/Canvas-Church5/vendor/laravel/framework/src/Illuminate/Database/Console/Migrations/FreshCommand.php(69): Illuminate/Database/Console/Migrations/FreshCommand->runSeeder(NULL)
#48 C:/Users/jjdd1/Downloads/Canvas-Church5/vendor/laravel/framework/src/Illuminate/Container/BoundMethod.php(36): Illuminate/Database/Console/Migrations/FreshCommand->handle()
#49 C:/Users/jjdd1/Downloads/Canvas-Church5/vendor/laravel/framework/src/Illuminate/Container/Util.php(41): Illuminate/Container/BoundMethod::Illuminate/Container/{closure}()
#50 C:/Users/jjdd1/Downloads/Canvas-Church5/vendor/laravel/framework/src/Illuminate/Container/BoundMethod.php(93): Illuminate/Container/Util::unwrapIfClosure(Object(Closure))
#51 C:/Users/jjdd1/Downloads/Canvas-Church5/vendor/laravel/framework/src/Illuminate/Container/BoundMethod.php(35): Illuminate/Container/BoundMethod::callBoundMethod(Object(Illuminate/Foundation/Application), Array, Object(Closure))
#52 C:/Users/jjdd1/Downloads/Canvas-Church5/vendor/laravel/framework/src/Illuminate/Container/Container.php(662): Illuminate/Container/BoundMethod::call(Object(Illuminate/Foundation/Application), Array, Array, NULL)
#53 C:/Users/jjdd1/Downloads/Canvas-Church5/vendor/laravel/framework/src/Illuminate/Console/Command.php(211): Illuminate/Container/Container->call(Array)
#54 C:/Users/jjdd1/Downloads/Canvas-Church5/vendor/symfony/console/Command/Command.php(326): Illuminate/Console/Command->execute(Object(Symfony/Component/Console/Input/ArgvInput), Object(Illuminate/Console/OutputStyle))
#55 C:/Users/jjdd1/Downloads/Canvas-Church5/vendor/laravel/framework/src/Illuminate/Console/Command.php(180): Symfony/Component/Console/Command/Command->run(Object(Symfony/Component/Console/Input/ArgvInput), Object(Illuminate/Console/OutputStyle))
#56 C:/Users/jjdd1/Downloads/Canvas-Church5/vendor/symfony/console/Application.php(1106): Illuminate/Console/Command->run(Object(Symfony/Component/Console/Input/ArgvInput), Object(Symfony/Component/Console/Output/ConsoleOutput))
#57 C:/Users/jjdd1/Downloads/Canvas-Church5/vendor/symfony/console/Application.php(324): Symfony/Component/Console/Application->doRunCommand(Object(Illuminate/Database/Console/Migrations/FreshCommand), Object(Symfony/Component/Console/Input/ArgvInput), Object(Symfony/Component/Console/Output/ConsoleOutput))
#58 C:/Users/jjdd1/Downloads/Canvas-Church5/vendor/symfony/console/Application.php(175): Symfony/Component/Console/Application->doRun(Object(Symfony/Component/Console/Input/ArgvInput), Object(Symfony/Component/Console/Output/ConsoleOutput))
#59 C:/Users/jjdd1/Downloads/Canvas-Church5/vendor/laravel/framework/src/Illuminate/Foundation/Console/Kernel.php(201): Symfony/Component/Console/Application->run(Object(Symfony/Component/Console/Input/ArgvInput), Object(Symfony/Component/Console/Output/ConsoleOutput))
#60 C:/Users/jjdd1/Downloads/Canvas-Church5/artisan(35): Illuminate/Foundation/Console/Kernel->handle(Object(Symfony/Component/Console/Input/ArgvInput), Object(Symfony/Component/Console/Output/ConsoleOutput))
#61 {main}
"} 
[2026-08-09 07:59:31] local.ERROR: SQLSTATE[42S22]: Column not found: 1054 Unknown column 'celular' in 'field list' (Connection: mysql, SQL: insert into `estudiantes` (`nombres`, `apellidos`, `cc`, `genero`, `celular`, `direccion`, `contacto_emergencia`, `observaciones`, `user_id`, `updated_at`, `created_at`) values (Estudiante, alracona, 12312753, M, 12395113, Cll 9 oeste, 65495113, le irrita estar cerca del povo, 9, 2026-08-09 07:59:31, 2026-08-09 07:59:31)) {"exception":"[object] (Illuminate\\Database\\QueryException(code: 42S22): SQLSTATE[42S22]: Column not found: 1054 Unknown column 'celular' in 'field list' (Connection: mysql, SQL: insert into `estudiantes` (`nombres`, `apellidos`, `cc`, `genero`, `celular`, `direccion`, `contacto_emergencia`, `observaciones`, `user_id`, `updated_at`, `created_at`) values (Estudiante, alracona, 12312753, M, 12395113, Cll 9 oeste, 65495113, le irrita estar cerca del povo, 9, 2026-08-09 07:59:31, 2026-08-09 07:59:31)) at C:/Users/jjdd1/Downloads/Canvas-Church5/vendor/laravel/framework/src/Illuminate/Database/Connection.php:829)
[stacktrace]
#0 C:/Users/jjdd1/Downloads/Canvas-Church5/vendor/laravel/framework/src/Illuminate/Database/Connection.php(783): Illuminate/Database/Connection->runQueryCallback('insert into `es...', Array, Object(Closure))
#1 C:/Users/jjdd1/Downloads/Canvas-Church5/vendor/laravel/framework/src/Illuminate/Database/MySqlConnection.php(34): Illuminate/Database/Connection->run('insert into `es...', Array, Object(Closure))
#2 C:/Users/jjdd1/Downloads/Canvas-Church5/vendor/laravel/framework/src/Illuminate/Database/Query/Processors/MySqlProcessor.php(35): Illuminate/Database/MySqlConnection->insert('insert into `es...', Array, 'id')
#3 C:/Users/jjdd1/Downloads/Canvas-Church5/vendor/laravel/framework/src/Illuminate/Database/Query/Builder.php(3549): Illuminate/Database/Query/Processors/MySqlProcessor->processInsertGetId(Object(Illuminate/Database/Query/Builder), 'insert into `es...', Array, 'id')
#4 C:/Users/jjdd1/Downloads/Canvas-Church5/vendor/laravel/framework/src/Illuminate/Database/Eloquent/Builder.php(1982): Illuminate/Database/Query/Builder->insertGetId(Array, 'id')
#5 C:/Users/jjdd1/Downloads/Canvas-Church5/vendor/laravel/framework/src/Illuminate/Database/Eloquent/Model.php(1334): Illuminate/Database/Eloquent/Builder->__call('insertGetId', Array)
#6 C:/Users/jjdd1/Downloads/Canvas-Church5/vendor/laravel/framework/src/Illuminate/Database/Eloquent/Model.php(1299): Illuminate/Database/Eloquent/Model->insertAndSetId(Object(Illuminate/Database/Eloquent/Builder), Array)
#7 C:/Users/jjdd1/Downloads/Canvas-Church5/vendor/laravel/framework/src/Illuminate/Database/Eloquent/Model.php(1138): Illuminate/Database/Eloquent/Model->performInsert(Object(Illuminate/Database/Eloquent/Builder))
#8 C:/Users/jjdd1/Downloads/Canvas-Church5/vendor/laravel/framework/src/Illuminate/Database/Eloquent/Builder.php(1025): Illuminate/Database/Eloquent/Model->save()
#9 C:/Users/jjdd1/Downloads/Canvas-Church5/vendor/laravel/framework/src/Illuminate/Support/helpers.php(320): Illuminate/Database/Eloquent/Builder->Illuminate/Database/Eloquent/{closure}(Object(App/Models/Estudiante))
#10 C:/Users/jjdd1/Downloads/Canvas-Church5/vendor/laravel/framework/src/Illuminate/Database/Eloquent/Builder.php(1024): tap(Object(App/Models/Estudiante), Object(Closure))
#11 C:/Users/jjdd1/Downloads/Canvas-Church5/vendor/laravel/framework/src/Illuminate/Support/Traits/ForwardsCalls.php(23): Illuminate/Database/Eloquent/Builder->create(Array)
#12 C:/Users/jjdd1/Downloads/Canvas-Church5/vendor/laravel/framework/src/Illuminate/Database/Eloquent/Model.php(2335): Illuminate/Database/Eloquent/Model->forwardCallTo(Object(Illuminate/Database/Eloquent/Builder), 'create', Array)
#13 C:/Users/jjdd1/Downloads/Canvas-Church5/vendor/laravel/framework/src/Illuminate/Database/Eloquent/Model.php(2347): Illuminate/Database/Eloquent/Model->__call('create', Array)
#14 C:/Users/jjdd1/Downloads/Canvas-Church5/database/seeders/EstudianteSeeder.php(23): Illuminate/Database/Eloquent/Model::__callStatic('create', Array)
#15 C:/Users/jjdd1/Downloads/Canvas-Church5/vendor/laravel/framework/src/Illuminate/Container/BoundMethod.php(36): Database/Seeders/EstudianteSeeder->run()
#16 C:/Users/jjdd1/Downloads/Canvas-Church5/vendor/laravel/framework/src/Illuminate/Container/Util.php(41): Illuminate/Container/BoundMethod::Illuminate/Container/{closure}()
#17 C:/Users/jjdd1/Downloads/Canvas-Church5/vendor/laravel/framework/src/Illuminate/Container/BoundMethod.php(93): Illuminate/Container/Util::unwrapIfClosure(Object(Closure))
#18 C:/Users/jjdd1/Downloads/Canvas-Church5/vendor/laravel/framework/src/Illuminate/Container/BoundMethod.php(35): Illuminate/Container/BoundMethod::callBoundMethod(Object(Illuminate/Foundation/Application), Array, Object(Closure))
#19 C:/Users/jjdd1/Downloads/Canvas-Church5/vendor/laravel/framework/src/Illuminate/Container/Container.php(662): Illuminate/Container/BoundMethod::call(Object(Illuminate/Foundation/Application), Array, Array, NULL)
#20 C:/Users/jjdd1/Downloads/Canvas-Church5/vendor/laravel/framework/src/Illuminate/Database/Seeder.php(184): Illuminate/Container/Container->call(Array, Array)
#21 C:/Users/jjdd1/Downloads/Canvas-Church5/vendor/laravel/framework/src/Illuminate/Database/Seeder.php(193): Illuminate/Database/Seeder->Illuminate/Database/{closure}()
#22 C:/Users/jjdd1/Downloads/Canvas-Church5/vendor/laravel/framework/src/Illuminate/Database/Seeder.php(61): Illuminate/Database/Seeder->__invoke(Array)
#23 C:/Users/jjdd1/Downloads/Canvas-Church5/database/seeders/DatabaseSeeder.php(19): Illuminate/Database/Seeder->call('Database//Seeder...')
#24 C:/Users/jjdd1/Downloads/Canvas-Church5/vendor/laravel/framework/src/Illuminate/Container/BoundMethod.php(36): Database/Seeders/DatabaseSeeder->run()
#25 C:/Users/jjdd1/Downloads/Canvas-Church5/vendor/laravel/framework/src/Illuminate/Container/Util.php(41): Illuminate/Container/BoundMethod::Illuminate/Container/{closure}()
#26 C:/Users/jjdd1/Downloads/Canvas-Church5/vendor/laravel/framework/src/Illuminate/Container/BoundMethod.php(93): Illuminate/Container/Util::unwrapIfClosure(Object(Closure))
#27 C:/Users/jjdd1/Downloads/Canvas-Church5/vendor/laravel/framework/src/Illuminate/Container/BoundMethod.php(35): Illuminate/Container/BoundMethod::callBoundMethod(Object(Illuminate/Foundation/Application), Array, Object(Closure))
#28 C:/Users/jjdd1/Downloads/Canvas-Church5/vendor/laravel/framework/src/Illuminate/Container/Container.php(662): Illuminate/Container/BoundMethod::call(Object(Illuminate/Foundation/Application), Array, Array, NULL)
#29 C:/Users/jjdd1/Downloads/Canvas-Church5/vendor/laravel/framework/src/Illuminate/Database/Seeder.php(184): Illuminate/Container/Container->call(Array, Array)
#30 C:/Users/jjdd1/Downloads/Canvas-Church5/vendor/laravel/framework/src/Illuminate/Database/Seeder.php(193): Illuminate/Database/Seeder->Illuminate/Database/{closure}()
#31 C:/Users/jjdd1/Downloads/Canvas-Church5/vendor/laravel/framework/src/Illuminate/Database/Console/Seeds/SeedCommand.php(70): Illuminate/Database/Seeder->__invoke()
#32 C:/Users/jjdd1/Downloads/Canvas-Church5/vendor/laravel/framework/src/Illuminate/Database/Eloquent/Concerns/GuardsAttributes.php(155): Illuminate/Database/Console/Seeds/SeedCommand->Illuminate/Database/Console/Seeds/{closure}()
#33 C:/Users/jjdd1/Downloads/Canvas-Church5/vendor/laravel/framework/src/Illuminate/Database/Console/Seeds/SeedCommand.php(69): Illuminate/Database/Eloquent/Model::unguarded(Object(Closure))
#34 C:/Users/jjdd1/Downloads/Canvas-Church5/vendor/laravel/framework/src/Illuminate/Container/BoundMethod.php(36): Illuminate/Database/Console/Seeds/SeedCommand->handle()
#35 C:/Users/jjdd1/Downloads/Canvas-Church5/vendor/laravel/framework/src/Illuminate/Container/Util.php(41): Illuminate/Container/BoundMethod::Illuminate/Container/{closure}()
#36 C:/Users/jjdd1/Downloads/Canvas-Church5/vendor/laravel/framework/src/Illuminate/Container/BoundMethod.php(93): Illuminate/Container/Util::unwrapIfClosure(Object(Closure))
#37 C:/Users/jjdd1/Downloads/Canvas-Church5/vendor/laravel/framework/src/Illuminate/Container/BoundMethod.php(35): Illuminate/Container/BoundMethod::callBoundMethod(Object(Illuminate/Foundation/Application), Array, Object(Closure))
#38 C:/Users/jjdd1/Downloads/Canvas-Church5/vendor/laravel/framework/src/Illuminate/Container/Container.php(662): Illuminate/Container/BoundMethod::call(Object(Illuminate/Foundation/Application), Array, Array, NULL)
#39 C:/Users/jjdd1/Downloads/Canvas-Church5/vendor/laravel/framework/src/Illuminate/Console/Command.php(211): Illuminate/Container/Container->call(Array)
#40 C:/Users/jjdd1/Downloads/Canvas-Church5/vendor/symfony/console/Command/Command.php(326): Illuminate/Console/Command->execute(Object(Symfony/Component/Console/Input/ArrayInput), Object(Illuminate/Console/OutputStyle))
#41 C:/Users/jjdd1/Downloads/Canvas-Church5/vendor/laravel/framework/src/Illuminate/Console/Command.php(180): Symfony/Component/Console/Command/Command->run(Object(Symfony/Component/Console/Input/ArrayInput), Object(Illuminate/Console/OutputStyle))
#42 C:/Users/jjdd1/Downloads/Canvas-Church5/vendor/laravel/framework/src/Illuminate/Console/Concerns/CallsCommands.php(67): Illuminate/Console/Command->run(Object(Symfony/Component/Console/Input/ArrayInput), Object(Illuminate/Console/OutputStyle))
#43 C:/Users/jjdd1/Downloads/Canvas-Church5/vendor/laravel/framework/src/Illuminate/Console/Concerns/CallsCommands.php(28): Illuminate/Console/Command->runCommand('db:seed', Array, Object(Illuminate/Console/OutputStyle))
#44 C:/Users/jjdd1/Downloads/Canvas-Church5/vendor/laravel/framework/src/Illuminate/Database/Console/Migrations/FreshCommand.php(93): Illuminate/Console/Command->call('db:seed', Array)
#45 C:/Users/jjdd1/Downloads/Canvas-Church5/vendor/laravel/framework/src/Illuminate/Database/Console/Migrations/FreshCommand.php(69): Illuminate/Database/Console/Migrations/FreshCommand->runSeeder(NULL)
#46 C:/Users/jjdd1/Downloads/Canvas-Church5/vendor/laravel/framework/src/Illuminate/Container/BoundMethod.php(36): Illuminate/Database/Console/Migrations/FreshCommand->handle()
#47 C:/Users/jjdd1/Downloads/Canvas-Church5/vendor/laravel/framework/src/Illuminate/Container/Util.php(41): Illuminate/Container/BoundMethod::Illuminate/Container/{closure}()
#48 C:/Users/jjdd1/Downloads/Canvas-Church5/vendor/laravel/framework/src/Illuminate/Container/BoundMethod.php(93): Illuminate/Container/Util::unwrapIfClosure(Object(Closure))
#49 C:/Users/jjdd1/Downloads/Canvas-Church5/vendor/laravel/framework/src/Illuminate/Container/BoundMethod.php(35): Illuminate/Container/BoundMethod::callBoundMethod(Object(Illuminate/Foundation/Application), Array, Object(Closure))
#50 C:/Users/jjdd1/Downloads/Canvas-Church5/vendor/laravel/framework/src/Illuminate/Container/Container.php(662): Illuminate/Container/BoundMethod::call(Object(Illuminate/Foundation/Application), Array, Array, NULL)
#51 C:/Users/jjdd1/Downloads/Canvas-Church5/vendor/laravel/framework/src/Illuminate/Console/Command.php(211): Illuminate/Container/Container->call(Array)
#52 C:/Users/jjdd1/Downloads/Canvas-Church5/vendor/symfony/console/Command/Command.php(326): Illuminate/Console/Command->execute(Object(Symfony/Component/Console/Input/ArgvInput), Object(Illuminate/Console/OutputStyle))
#53 C:/Users/jjdd1/Downloads/Canvas-Church5/vendor/laravel/framework/src/Illuminate/Console/Command.php(180): Symfony/Component/Console/Command/Command->run(Object(Symfony/Component/Console/Input/ArgvInput), Object(Illuminate/Console/OutputStyle))
#54 C:/Users/jjdd1/Downloads/Canvas-Church5/vendor/symfony/console/Application.php(1106): Illuminate/Console/Command->run(Object(Symfony/Component/Console/Input/ArgvInput), Object(Symfony/Component/Console/Output/ConsoleOutput))
#55 C:/Users/jjdd1/Downloads/Canvas-Church5/vendor/symfony/console/Application.php(324): Symfony/Component/Console/Application->doRunCommand(Object(Illuminate/Database/Console/Migrations/FreshCommand), Object(Symfony/Component/Console/Input/ArgvInput), Object(Symfony/Component/Console/Output/ConsoleOutput))
#56 C:/Users/jjdd1/Downloads/Canvas-Church5/vendor/symfony/console/Application.php(175): Symfony/Component/Console/Application->doRun(Object(Symfony/Component/Console/Input/ArgvInput), Object(Symfony/Component/Console/Output/ConsoleOutput))
#57 C:/Users/jjdd1/Downloads/Canvas-Church5/vendor/laravel/framework/src/Illuminate/Foundation/Console/Kernel.php(201): Symfony/Component/Console/Application->run(Object(Symfony/Component/Console/Input/ArgvInput), Object(Symfony/Component/Console/Output/ConsoleOutput))
#58 C:/Users/jjdd1/Downloads/Canvas-Church5/artisan(35): Illuminate/Foundation/Console/Kernel->handle(Object(Symfony/Component/Console/Input/ArgvInput), Object(Symfony/Component/Console/Output/ConsoleOutput))
#59 {main}

[previous exception] [object] (PDOException(code: 42S22): SQLSTATE[42S22]: Column not found: 1054 Unknown column 'celular' in 'field list' at C:/Users/jjdd1/Downloads/Canvas-Church5/vendor/laravel/framework/src/Illuminate/Database/MySqlConnection.php:39)
[stacktrace]
#0 C:/Users/jjdd1/Downloads/Canvas-Church5/vendor/laravel/framework/src/Illuminate/Database/MySqlConnection.php(39): PDO->prepare('insert into `es...')
#1 C:/Users/jjdd1/Downloads/Canvas-Church5/vendor/laravel/framework/src/Illuminate/Database/Connection.php(816): Illuminate/Database/MySqlConnection->Illuminate/Database/{closure}('insert into `es...', Array)
#2 C:/Users/jjdd1/Downloads/Canvas-Church5/vendor/laravel/framework/src/Illuminate/Database/Connection.php(783): Illuminate/Database/Connection->runQueryCallback('insert into `es...', Array, Object(Closure))
#3 C:/Users/jjdd1/Downloads/Canvas-Church5/vendor/laravel/framework/src/Illuminate/Database/MySqlConnection.php(34): Illuminate/Database/Connection->run('insert into `es...', Array, Object(Closure))
#4 C:/Users/jjdd1/Downloads/Canvas-Church5/vendor/laravel/framework/src/Illuminate/Database/Query/Processors/MySqlProcessor.php(35): Illuminate/Database/MySqlConnection->insert('insert into `es...', Array, 'id')
#5 C:/Users/jjdd1/Downloads/Canvas-Church5/vendor/laravel/framework/src/Illuminate/Database/Query/Builder.php(3549): Illuminate/Database/Query/Processors/MySqlProcessor->processInsertGetId(Object(Illuminate/Database/Query/Builder), 'insert into `es...', Array, 'id')
#6 C:/Users/jjdd1/Downloads/Canvas-Church5/vendor/laravel/framework/src/Illuminate/Database/Eloquent/Builder.php(1982): Illuminate/Database/Query/Builder->insertGetId(Array, 'id')
#7 C:/Users/jjdd1/Downloads/Canvas-Church5/vendor/laravel/framework/src/Illuminate/Database/Eloquent/Model.php(1334): Illuminate/Database/Eloquent/Builder->__call('insertGetId', Array)
#8 C:/Users/jjdd1/Downloads/Canvas-Church5/vendor/laravel/framework/src/Illuminate/Database/Eloquent/Model.php(1299): Illuminate/Database/Eloquent/Model->insertAndSetId(Object(Illuminate/Database/Eloquent/Builder), Array)
#9 C:/Users/jjdd1/Downloads/Canvas-Church5/vendor/laravel/framework/src/Illuminate/Database/Eloquent/Model.php(1138): Illuminate/Database/Eloquent/Model->performInsert(Object(Illuminate/Database/Eloquent/Builder))
#10 C:/Users/jjdd1/Downloads/Canvas-Church5/vendor/laravel/framework/src/Illuminate/Database/Eloquent/Builder.php(1025): Illuminate/Database/Eloquent/Model->save()
#11 C:/Users/jjdd1/Downloads/Canvas-Church5/vendor/laravel/framework/src/Illuminate/Support/helpers.php(320): Illuminate/Database/Eloquent/Builder->Illuminate/Database/Eloquent/{closure}(Object(App/Models/Estudiante))
#12 C:/Users/jjdd1/Downloads/Canvas-Church5/vendor/laravel/framework/src/Illuminate/Database/Eloquent/Builder.php(1024): tap(Object(App/Models/Estudiante), Object(Closure))
#13 C:/Users/jjdd1/Downloads/Canvas-Church5/vendor/laravel/framework/src/Illuminate/Support/Traits/ForwardsCalls.php(23): Illuminate/Database/Eloquent/Builder->create(Array)
#14 C:/Users/jjdd1/Downloads/Canvas-Church5/vendor/laravel/framework/src/Illuminate/Database/Eloquent/Model.php(2335): Illuminate/Database/Eloquent/Model->forwardCallTo(Object(Illuminate/Database/Eloquent/Builder), 'create', Array)
#15 C:/Users/jjdd1/Downloads/Canvas-Church5/vendor/laravel/framework/src/Illuminate/Database/Eloquent/Model.php(2347): Illuminate/Database/Eloquent/Model->__call('create', Array)
#16 C:/Users/jjdd1/Downloads/Canvas-Church5/database/seeders/EstudianteSeeder.php(23): Illuminate/Database/Eloquent/Model::__callStatic('create', Array)
#17 C:/Users/jjdd1/Downloads/Canvas-Church5/vendor/laravel/framework/src/Illuminate/Container/BoundMethod.php(36): Database/Seeders/EstudianteSeeder->run()
#18 C:/Users/jjdd1/Downloads/Canvas-Church5/vendor/laravel/framework/src/Illuminate/Container/Util.php(41): Illuminate/Container/BoundMethod::Illuminate/Container/{closure}()
#19 C:/Users/jjdd1/Downloads/Canvas-Church5/vendor/laravel/framework/src/Illuminate/Container/BoundMethod.php(93): Illuminate/Container/Util::unwrapIfClosure(Object(Closure))
#20 C:/Users/jjdd1/Downloads/Canvas-Church5/vendor/laravel/framework/src/Illuminate/Container/BoundMethod.php(35): Illuminate/Container/BoundMethod::callBoundMethod(Object(Illuminate/Foundation/Application), Array, Object(Closure))
#21 C:/Users/jjdd1/Downloads/Canvas-Church5/vendor/laravel/framework/src/Illuminate/Container/Container.php(662): Illuminate/Container/BoundMethod::call(Object(Illuminate/Foundation/Application), Array, Array, NULL)
#22 C:/Users/jjdd1/Downloads/Canvas-Church5/vendor/laravel/framework/src/Illuminate/Database/Seeder.php(184): Illuminate/Container/Container->call(Array, Array)
#23 C:/Users/jjdd1/Downloads/Canvas-Church5/vendor/laravel/framework/src/Illuminate/Database/Seeder.php(193): Illuminate/Database/Seeder->Illuminate/Database/{closure}()
#24 C:/Users/jjdd1/Downloads/Canvas-Church5/vendor/laravel/framework/src/Illuminate/Database/Seeder.php(61): Illuminate/Database/Seeder->__invoke(Array)
#25 C:/Users/jjdd1/Downloads/Canvas-Church5/database/seeders/DatabaseSeeder.php(19): Illuminate/Database/Seeder->call('Database//Seeder...')
#26 C:/Users/jjdd1/Downloads/Canvas-Church5/vendor/laravel/framework/src/Illuminate/Container/BoundMethod.php(36): Database/Seeders/DatabaseSeeder->run()
#27 C:/Users/jjdd1/Downloads/Canvas-Church5/vendor/laravel/framework/src/Illuminate/Container/Util.php(41): Illuminate/Container/BoundMethod::Illuminate/Container/{closure}()
#28 C:/Users/jjdd1/Downloads/Canvas-Church5/vendor/laravel/framework/src/Illuminate/Container/BoundMethod.php(93): Illuminate/Container/Util::unwrapIfClosure(Object(Closure))
#29 C:/Users/jjdd1/Downloads/Canvas-Church5/vendor/laravel/framework/src/Illuminate/Container/BoundMethod.php(35): Illuminate/Container/BoundMethod::callBoundMethod(Object(Illuminate/Foundation/Application), Array, Object(Closure))
#30 C:/Users/jjdd1/Downloads/Canvas-Church5/vendor/laravel/framework/src/Illuminate/Container/Container.php(662): Illuminate/Container/BoundMethod::call(Object(Illuminate/Foundation/Application), Array, Array, NULL)
#31 C:/Users/jjdd1/Downloads/Canvas-Church5/vendor/laravel/framework/src/Illuminate/Database/Seeder.php(184): Illuminate/Container/Container->call(Array, Array)
#32 C:/Users/jjdd1/Downloads/Canvas-Church5/vendor/laravel/framework/src/Illuminate/Database/Seeder.php(193): Illuminate/Database/Seeder->Illuminate/Database/{closure}()
#33 C:/Users/jjdd1/Downloads/Canvas-Church5/vendor/laravel/framework/src/Illuminate/Database/Console/Seeds/SeedCommand.php(70): Illuminate/Database/Seeder->__invoke()
#34 C:/Users/jjdd1/Downloads/Canvas-Church5/vendor/laravel/framework/src/Illuminate/Database/Eloquent/Concerns/GuardsAttributes.php(155): Illuminate/Database/Console/Seeds/SeedCommand->Illuminate/Database/Console/Seeds/{closure}()
#35 C:/Users/jjdd1/Downloads/Canvas-Church5/vendor/laravel/framework/src/Illuminate/Database/Console/Seeds/SeedCommand.php(69): Illuminate/Database/Eloquent/Model::unguarded(Object(Closure))
#36 C:/Users/jjdd1/Downloads/Canvas-Church5/vendor/laravel/framework/src/Illuminate/Container/BoundMethod.php(36): Illuminate/Database/Console/Seeds/SeedCommand->handle()
#37 C:/Users/jjdd1/Downloads/Canvas-Church5/vendor/laravel/framework/src/Illuminate/Container/Util.php(41): Illuminate/Container/BoundMethod::Illuminate/Container/{closure}()
#38 C:/Users/jjdd1/Downloads/Canvas-Church5/vendor/laravel/framework/src/Illuminate/Container/BoundMethod.php(93): Illuminate/Container/Util::unwrapIfClosure(Object(Closure))
#39 C:/Users/jjdd1/Downloads/Canvas-Church5/vendor/laravel/framework/src/Illuminate/Container/BoundMethod.php(35): Illuminate/Container/BoundMethod::callBoundMethod(Object(Illuminate/Foundation/Application), Array, Object(Closure))
#40 C:/Users/jjdd1/Downloads/Canvas-Church5/vendor/laravel/framework/src/Illuminate/Container/Container.php(662): Illuminate/Container/BoundMethod::call(Object(Illuminate/Foundation/Application), Array, Array, NULL)
#41 C:/Users/jjdd1/Downloads/Canvas-Church5/vendor/laravel/framework/src/Illuminate/Console/Command.php(211): Illuminate/Container/Container->call(Array)
#42 C:/Users/jjdd1/Downloads/Canvas-Church5/vendor/symfony/console/Command/Command.php(326): Illuminate/Console/Command->execute(Object(Symfony/Component/Console/Input/ArrayInput), Object(Illuminate/Console/OutputStyle))
#43 C:/Users/jjdd1/Downloads/Canvas-Church5/vendor/laravel/framework/src/Illuminate/Console/Command.php(180): Symfony/Component/Console/Command/Command->run(Object(Symfony/Component/Console/Input/ArrayInput), Object(Illuminate/Console/OutputStyle))
#44 C:/Users/jjdd1/Downloads/Canvas-Church5/vendor/laravel/framework/src/Illuminate/Console/Concerns/CallsCommands.php(67): Illuminate/Console/Command->run(Object(Symfony/Component/Console/Input/ArrayInput), Object(Illuminate/Console/OutputStyle))
#45 C:/Users/jjdd1/Downloads/Canvas-Church5/vendor/laravel/framework/src/Illuminate/Console/Concerns/CallsCommands.php(28): Illuminate/Console/Command->runCommand('db:seed', Array, Object(Illuminate/Console/OutputStyle))
#46 C:/Users/jjdd1/Downloads/Canvas-Church5/vendor/laravel/framework/src/Illuminate/Database/Console/Migrations/FreshCommand.php(93): Illuminate/Console/Command->call('db:seed', Array)
#47 C:/Users/jjdd1/Downloads/Canvas-Church5/vendor/laravel/framework/src/Illuminate/Database/Console/Migrations/FreshCommand.php(69): Illuminate/Database/Console/Migrations/FreshCommand->runSeeder(NULL)
#48 C:/Users/jjdd1/Downloads/Canvas-Church5/vendor/laravel/framework/src/Illuminate/Container/BoundMethod.php(36): Illuminate/Database/Console/Migrations/FreshCommand->handle()
#49 C:/Users/jjdd1/Downloads/Canvas-Church5/vendor/laravel/framework/src/Illuminate/Container/Util.php(41): Illuminate/Container/BoundMethod::Illuminate/Container/{closure}()
#50 C:/Users/jjdd1/Downloads/Canvas-Church5/vendor/laravel/framework/src/Illuminate/Container/BoundMethod.php(93): Illuminate/Container/Util::unwrapIfClosure(Object(Closure))
#51 C:/Users/jjdd1/Downloads/Canvas-Church5/vendor/laravel/framework/src/Illuminate/Container/BoundMethod.php(35): Illuminate/Container/BoundMethod::callBoundMethod(Object(Illuminate/Foundation/Application), Array, Object(Closure))
#52 C:/Users/jjdd1/Downloads/Canvas-Church5/vendor/laravel/framework/src/Illuminate/Container/Container.php(662): Illuminate/Container/BoundMethod::call(Object(Illuminate/Foundation/Application), Array, Array, NULL)
#53 C:/Users/jjdd1/Downloads/Canvas-Church5/vendor/laravel/framework/src/Illuminate/Console/Command.php(211): Illuminate/Container/Container->call(Array)
#54 C:/Users/jjdd1/Downloads/Canvas-Church5/vendor/symfony/console/Command/Command.php(326): Illuminate/Console/Command->execute(Object(Symfony/Component/Console/Input/ArgvInput), Object(Illuminate/Console/OutputStyle))
#55 C:/Users/jjdd1/Downloads/Canvas-Church5/vendor/laravel/framework/src/Illuminate/Console/Command.php(180): Symfony/Component/Console/Command/Command->run(Object(Symfony/Component/Console/Input/ArgvInput), Object(Illuminate/Console/OutputStyle))
#56 C:/Users/jjdd1/Downloads/Canvas-Church5/vendor/symfony/console/Application.php(1106): Illuminate/Console/Command->run(Object(Symfony/Component/Console/Input/ArgvInput), Object(Symfony/Component/Console/Output/ConsoleOutput))
#57 C:/Users/jjdd1/Downloads/Canvas-Church5/vendor/symfony/console/Application.php(324): Symfony/Component/Console/Application->doRunCommand(Object(Illuminate/Database/Console/Migrations/FreshCommand), Object(Symfony/Component/Console/Input/ArgvInput), Object(Symfony/Component/Console/Output/ConsoleOutput))
#58 C:/Users/jjdd1/Downloads/Canvas-Church5/vendor/symfony/console/Application.php(175): Symfony/Component/Console/Application->doRun(Object(Symfony/Component/Console/Input/ArgvInput), Object(Symfony/Component/Console/Output/ConsoleOutput))
#59 C:/Users/jjdd1/Downloads/Canvas-Church5/vendor/laravel/framework/src/Illuminate/Foundation/Console/Kernel.php(201): Symfony/Component/Console/Application->run(Object(Symfony/Component/Console/Input/ArgvInput), Object(Symfony/Component/Console/Output/ConsoleOutput))
#60 C:/Users/jjdd1/Downloads/Canvas-Church5/artisan(35): Illuminate/Foundation/Console/Kernel->handle(Object(Symfony/Component/Console/Input/ArgvInput), Object(Symfony/Component/Console/Output/ConsoleOutput))
#61 {main}
"} 
